talemaade_udtryk,predicted_label,true_label,predicted_definition,true_definition
tale med store bogstaver,2,3,tale nedskrevet med store bogstaver,udtale sin kritiske mening højt og bestemt; skælde ud
puste til ilden,0,2,"puste til gløderne i et bål, en pejs eller lignende for at få dem til at flamme op","gøre en konflikt eller spændt situation værre, fx ved at komme med provokerende bemærkninger"
måtte sige farvel til noget,1,0,være nødsaget til at sige farvel til noget,"erkende at have lidt et (økonomisk) tab, mistet en mulighed eller lignende"
det er der ingen ben i,1,3,det er ikke økonomisk forsvarligt; det er ikke gangbart i virkeligheden,det er nemt at udføre eller forstå
ramme muren,1,0,færdiggøre murerarbejdet i et husbyggeri,blive drænet for kræfter med en mærkbar nedgang i fysisk præstation til følge
ikke have mange brikker at flytte rundt med,1,2,skuffelse; følelse af at være snydt,ikke være særlig begavet
hælde vand ud af ørerne,1,2,"bruges om noget der er ujævnt, eller om et stykke arbejde der er dårligt udført","sige noget uden særlig meget indhold, fx for at vinde tid eller undskylde noget"
vride halsen om på nogen,1,3,tvinge en beslutning igennem på trods af andres indsigelser,få nogen til at makke ret ved at presse eller true
være på egen boldgade,1,2,beherske sine følelser,være på egen hånd; være uden tilsyn
male byen rød,1,0,"sige noget uden særlig meget indhold, fx for at vinde tid eller undskylde noget",drikke og more sig uden for sit eget hjem
stryge med hårene,0,3,være modvillig eller genstridig; (prøve at) forhindre noget,prøve at behage; optræde føjeligt og eftergivende
give en gang lak,1,2,rose og give komplimenter,give en omgang klø eller skældud
under én hat,1,3,bruges som udtryk for at flere personer har samme holdning eller overbevisning,"på samme sted, under samme organisation eller under samme institution"
ikke være mange sure sild værd,3,1,bruges for at udtrykke at indsatsen ikke er udbyttet værd,være udmattet eller nedtrykt
de bonede gulve,1,2,gulve som er behandlet med bonevoks eller lignende,"de finere kredse, etablissementet; inderkredsen (i en politisk magtstruktur)"
få beskidte hænder,2,0,være opfyldt af en følelse af skam,udføre manuelt arbejde; arbejde hårdt eller flittigt
give en god dag i noget,1,0,fornærme eller på anden vis optræde respektløst eller stødende,være ligeglad med noget; ikke bekymre sig om noget
være tynd i papirerne,0,2,være uden interessant og vigtigt indhold - om tekst,"være usikker, uvidende, dårligt forberedt eller lignende"
mester for noget,0,3,"person der (uden at ville det) er skyld i en negativ udvikling, hændelse eller lignende","person der har skabt, designet eller udtænkt et kunstnerisk værk eller noget andet der gør indtryk"
langt hen ad vejen,1,3,"skjule, hemmeligholde; ignorere, fortrænge",for størstedelens vedkommende; næsten helt
gå med halm i træskoene,1,0,gå i træsko der har halm i bunden,"have et livssyn eller en tankegang der traditionelt forbindes med tidligere tiders enkle landliv, uden interesse for moderne udvikling og levevis"
holde på hat og briller,1,3,holde fast på sin hat og sine briller,passe på fordi noget (voldsomt) begynder eller finder sted
andre boller på suppen,1,3,bruges for at udtrykke at noget ikke smager en,noget der er nyt og helt forskelligt fra det man kender til i den pågældende sammenhæng
ligne hinanden som to dråber vand,1,3,fastsætte en pris på noget; præcisere et beløb,ligne hinanden fuldstændig
lavthængende frugter,1,2,"personer som fra livets begyndelse har haft dårlige vilkår, og som har oplevet voldsom modgang","mål eller resultater der er lette og hurtige at nå, og som ikke kræver den store indsats"
der gror mos på nogen el. noget,1,0,et lag af mos gror frem på nogen eller noget,nogen/noget ældes (og glemmes) med tiden
lakrids mellem tæerne,1,3,snavs på steder hvor der sjældent bliver gjort rent,snavs mellem tæerne; snavsede fødder
pakke ind i vat,2,0,beskytte noget mod fx slag ved at pakke det ind i vat,overbeskytte; forskåne for ubehagelige oplevelser
en dans på roser,1,0,en dans der danses på et underlag af afskårne roser,"en let og sorgløs tilværelse, aktivitet, opgave eller lignende"
grus i maskineriet,1,2,fejl der nemt kunne være undgået,"modgang, problemer, forhindringer eller lignende"
hele dynen,1,3,"en dyne i sin helhed, inkl. dun eller andet fyld, betræk mv.",alt det som er relevant i en bestemt sammenhæng
næsten ikke kunne få armene ned,3,2,have svært ved at sænke hænderne til under skulderhøjde,være overordentlig glad pga. stor succes
de forhåndenværende søms princip,0,1,en god begyndelse på noget forøger muligheden for en vellykket fortsættelse og afslutning,fremgangsmåde hvor man nøjes med de begrænsede midler der umiddelbart er til rådighed
krydse nogens vej,1,3,overskride nogens grænser,mødes med nogen undervejs
gå i brædderne,1,0,"forøge smerten og pinen, ofte den psykiske",blive træt (og falde i søvn); miste energi
der er synk i nogen,1,2,nogen er meget energisk eller handlekraftig,"nogen kan drikke meget, især alkohol"
nissen flytter med,3,0,traditioner forgår ikke så let,selvskabte problemer forfølger én hvis man blot flygter fra dem i stedet for at finde deres egentlige årsag
være ved sine sansers fulde brug,0,2,have kontrol med og udbytte af alle fem sanser,være i stand til at tænke klart; være tilregnelig
have spidse albuer,1,2,have ophobet vrede over længere tid,hævde sig på andres bekostning
kaste med mudder,1,2,få højdepunkter eller interessante begivenheder,tale nedsættende og fornærmende om eller til nogen
for fulde gardiner,2,3,uden adgang for offentligheden; skjult for offentligheden,for fuld kraft; uden hæmninger eller begrænsninger
med arme og ben,1,3,bruges om en aldeles fremragende præstation,af al magt; uhæmmet
med lodder og trisser,1,3,i en tilstand af udelukkelse og forladthed,"med (lidt held og) hvad man kan finde på af hjælpemidler; på bedst mulige, men ikke altid helt vellykkede måde; med kniberi"
man kan ikke klippe håret af en skaldet,1,2,blive snydt i en handel ved at købe noget ubeset og derefter opdage at det er ringere end forventet,"man kan ikke tage noget, fx penge, fra én der ingenting har"
der går tretten på dusinet af noget,1,3,bruges for at udtrykke at noget ikke er realistisk eller ikke kan eksistere i virkeligheden,"noget adskiller sig ikke fra mængden, er uden særlige kvaliteter, eller lignende"
køre med klatten,0,1,køre på en hensynsløs og uansvarlig måde,være suveræn til noget; brillere
være i ilden,1,3,være i fuld gang med at skabe eller udvikle noget nyt,være på en hård prøve; være i centrum for nærgående opmærksomhed
den åbne dørs politik,1,0,den tilgang at gæster altid er velkomne,internationalt politisk princip om at lade flere stater i et bestemt område have lige vilkår mht. handel og skibsfart
i den kolde sne,3,2,i en (større) bunke sne,i en tilstand af udelukkelse og forladthed
man kan ikke lære en gammel hund nye kunster,0,2,det er ikke muligt at oplære en hund i ny adfærd efter den har nået en vis alder,en (ældre) person med indgroede vaner har svært ved at omstille sig og lære nyt
lægge sin klamme hånd på noget,1,3,snavse noget til der ellers var rent,"bemægtige sig noget, fx penge; få magten over noget"
tampen brænder,1,0,være helt utilstrækkeligt i en bestemt henseende,man er tæt ved at nå til en erkendelse
en streg i luften,2,1,"en uventet og uønsket hændelse, handling eller lignende",en meget tynd person
bide i græsset,1,0,fremgå klart af nogens ansigtsudtryk,lide nederlag; give op; give efter
eneste hane i kurven,1,0,en kurv med flere høner men kun én hane,eneste hankønsvæsen i en gruppe eller forsamling
rive nogen noget i næsen,1,3,under falske forudsætninger få nogen til at tro på at noget forholder sig på en bestemt måde,lade nogen høre for noget; kritisere nogen for noget
"når solen går ned i en sæk, står den op i en bæk",2,1,bruges for at forsikre tilhøreren om at ens formodning i en bestemt sag er rigtig,"når solen går ned bag store, mørke skyer, kan man vente regnvejr den følgende dag"
tale samme sprog,3,0,beherske det samme sprog så man kan tale sammen uden tolk eller lign.,"have fælles opfattelse af en sag, hvilket gør det lettere at samarbejde og nå til enighed i sagen"
munden står ikke stille på nogen,1,3,nogens mund er altid i bevægelse,nogen snakker hele tiden
gøre rent bord,1,2,rydde op så bordpladen er fri og ren,bringe orden i tingene så man kan begynde på en frisk
der er ingen smalle steder,0,2,"her er der kun brede, åbne steder","der er rigeligt, og der bliver ikke sparet på noget"
gå ud som et lys,0,2,blive slukket eller afbrudt brat,pludselig miste bevidstheden
tabe både næse og mund,0,2,"vise en ukendt, ofte ubehagelig eller problematisk, men sand side af noget eller nogen, evt. sig selv",blive meget forbavset eller benovet over noget
ligge lige til højrebenet,1,3,ligge godt til at sparke med højre ben -- om bold,være en indlysende og nærliggende mulighed
tage pungen frem,0,2,fremdrage sin pengepung for at betale for bestemte varer eller en bestemt ydelse,(modvilligt) betale et stort beløb
stå malet i ansigtet på nogen,2,3,være skrevet i panden eller kinderne på nogen,fremgå klart af nogens ansigtsudtryk
vride bananen,3,2,"bruges for at angive at en reaktion kommer omgående, konsekvent og ubønhørligt",tisse
helt ude i skoven,1,2,i et øde område langt fra byer; i den vilde natur,"uden fornuft, mening eller forbindelse med virkeligheden; helt gal"
klæder skaber folk,0,2,tøj er med til at forme en persons identitet,man vurderer folk (bl.a.) ud fra deres påklædning
tage hatten af for,0,3,skabe splid eller problemer for andre; forsøge at starte en konflikt (mellem andre) for derved at opnå noget selv,udtrykke respekt eller beundring for
Lars Tyndskids mark,1,0,sted hvor hjemløse og socialt udstødte holder til,sted langt ude på landet
der må være en blonde,0,2,sørge for at fastholde nogens interesse eller indsats for noget,der er grænser for hvad man kan tillade sig
have det hele i munden,1,2,"skaffe eller samle til et bestemt formål, ofte hurtigt eller på vanskelige betingelser",kun snakke om noget i stedet for at handle
"skomager, bliv ved din læst",2,3,pas dig selv og lad være med at blande dig i andres sager,bruges for at minde om at man bør nøjes med at beskæftige sig med de ting som man har kvalifikationer til
vække den slumrende løve,1,0,vække en sovende løve,fremkalde vrede hos en ellers fredsommelig person
nogens eget kød og blod,3,0,nogens egen krop,nogens (egen) blodsbeslægtede familie
"hvor der er hjerterum, er der husrum",2,3,hvis der er gæstfrit er der også rart at bo,"gæstfrihed hører til almindelig venlighed; gode mennesker trives, selv hvor pladsen er trang"
det er lettere for en kamel at komme igennem et nåleøje end for en rig at komme ind i Guds rige,0,2,det er lettere at bevæge sig gennem en snæver passage end at komme ind i Paradis med penge eller andre værdigenstande,bruges for at udtrykke hvor svært det er for mennesket at give afkald på materielle goder til fordel for åndelige værdier
"den der ager med stude, kommer også frem",1,0,køer kan trække en vogn lige så godt som heste,"selv den der arbejder i et langsomt tempo, når sit mål"
målet helliger midlet,1,3,målet retfærdiggør metoden,et godt formål berettiger brugen af mindre fine midler
kysten er klar,1,3,finde ud af hvad man mener om en bestemt sag,der er ingen hindringer i vejen for at påbegynde en bestemt aktivitet
ligeud ad landevejen,2,3,kørselsretning uden sving og andre afvigelser fra ligeudkørsel,uden omsvøb; ukompliceret og ligetil
der går inflation i noget,0,3,priserne stiger på en specifik vare eller varetype,noget forringes eller mister prestige fordi det bliver lettere tilgængeligt eller mere udbredt
nye koste fejer bedst,1,0,"erkende at have lidt et (økonomisk) tab, mistet en mulighed eller lignende",nyt er altid bedre end gammelt blot fordi det er nyt
store ord og fedt flæsk,2,3,lange ord og fedtholdigt kød,tom snak eller tomme løfter
lyse i kuld og køn,1,0,undersøge hele kroppen,anerkende officielt
spille kong Gulerod,1,3,følge med i hvad der sker i tiden; følge moden,"opføre sig på en indbildsk, overlegen eller arrogant måde"
"skønne, spildte kræfter",0,2,oversete eller spildte chancer og muligheder,"kræfter der energisk og måske selvopofrende er sat ind på en opgave, men senere viser sig at være anvendt forgæves"
ål i strømperne,3,0,arbejde med eller koncentrere sig om én ting på bekostning af alle andre,folder i strømper der er gledet ned ad benet
ligge med næsen i vejret,1,3,melde sig syg på sin arbejdsplads uden at være det,være død og begravet
have knive i ærmerne,1,2,nogen er i en trængt og presset situation hvor vedkommende vil forsvare en holdning eller et synspunkt,vente på en lejlighed til at foretage et (uventet) angreb
man kan stille uret efter ham,1,3,stille for store krav eller forventninger,han er yderst præcis
bide nogen i haserne,1,3,se bort fra tidligere uheldige hændelser eller gerninger; begynde på en frisk,komme lige efter nogen; være meget tæt på nogen; presse nogen
det er her det sner,2,1,i en (tænkt) situation hvor alle afgørende forhold er så gode som de kan blive,det er her de vigtige eller spændende ting foregår
smage sin egen medicin,0,3,(i en diskussion) blive personlig og dermed rette angreb mod personen frem for at beskæftige sig med dennes argumenter,blive udsat for en ubehagelig behandling svarende til den man udsætter andre for
tage hul på noget,0,1,med vilje ødelægge noget som en anden person har fremstillet,begynde på at gøre noget
rene ord for pengene,1,3,det bedste af sin art,udtalelse der ikke kan misforstås
is i maven,2,3,"stort problem eller vanskeligt emne som alle kender til og er opmærksomme på, men som ingen vil tale om","ro, tålmodighed og nøgternt overblik i en presset situation, fx når der skal træffes en beslutning"
ikke lade solen gå ned over sin vrede,1,3,ikke kunne glemme eller tilgive noget ubehageligt som en anden person har gjort mod én,glemme eller tilgive noget man er blevet vred over
våd som en druknet mus,0,3,lige så våd som en mus der er druknet,meget våd; gennemblødt
ikke større end tobak for en skilling,2,0,på størrelse med den mængde tobak man kan købe for en lille sum penge,meget lille af vækst eller størrelse
født med en guldske i munden,2,3,være (unødvendigt) forkælet og arrogant over for andre,født i en velhavende familie
stå med håret ned ad nakken,2,3,komme af sted efter lang tids nølen; langt om længe tage sig sammen,stå modløs og skuffet tilbage; være blevet svigtet eller narret
uden for lands lov og ret,0,1,uden for et lands grænser og derfor ikke underlagt dets love,i et øde område fjernt fra større byer
ligge og lure i vandskorpen,1,0,forholdet vendes om; noget tager en ny (og modsat) vending eller drejning,være nært forestående eller snart bryde løs uden at ret mange venter det
den ene tjeneste er den anden værd,1,2,en tjeneste har samme værdi som en anden tjeneste,"hvis man gør andre en tjeneste, kan man forvente at de gør gengæld en anden gang"
ikke fugls føde,0,3,"vanskelig eller uigennemskuelig opgave, aktivitet ellerlign.",ingenting; intet som helst
have penge på kistebunden,1,2,der er ingen problemer eller fare,have en (stor) opsparet sum penge
ramme hovedet på sømmet,1,3,udføre en opgave særdeles tilfredsstillende,udtrykke præcist; udtrykke det væsentlige
"ude af øje, ude af sind",1,3,bruges om en situation hvor man undlader at forholde sig til noget ubehageligt,"det som ikke er synligt eller nærværende, bliver hurtigt glemt"
"ét spøg, et andet alvor",3,0,en vittighed og noget alvorligt,man bør holde det morsomme og det alvorlige ved en sag adskilt
få lange arme,1,3,have meget ringe evner i forhold til en anden,blive træt i armene af at bære på noget tungt
man skal høre meget før ørerne falder af,1,2,ørerne kan holde til meget støj; ørerne går ikke i stykker af at lytte (intenst),"bruges for at udtrykke forbavselse over at nogen kan sige eller fortælle om noget så mærkeligt, vanvittigt, sladderagtigt eller lignende"
tomme tønder buldrer mest,0,1,tomme tønder larmer mere end fulde tønder,"det er ofte de personer som ved mindst eller har mindst betydning, der råber mest op eller gør sig mest gældende"
med skindet på næsen,1,3,lige netop klare sig igennem en umiddelbart umulig situation,"uden at komme galt af sted, tabe anseelse, miste sin position eller lignende; uden at miste alle sine penge eller gå fallit"
gå op i en spids,0,2,"gå meget op i detaljer; lægge stor vægt på detaljer og nuancer, fx i forbindelse med løsningen af et problem",udvikle sig i en retning hvor ingen løsning er mulig
der er løbet meget vand gennem åen siden ..,3,0,meget vand er løbet gennem en å i en specifik tidsperiode,"noget der passer godt med nogens ønsker, hensigter eller meninger"
slå til plukfisk,0,2,"slække på sine ønsker, krav eller principper","tæske, gennembanke; ødelægge, nedbryde"
varme nogens ører,0,3,bevirke at en person føler sig pinligt berørt,slå nogen (på siden af hovedet)
få kærligheden at føle,1,3,"opleve kærlighed fra en forælder, en partner eller lignende",blive ramt af ubehagelige (selvforskyldte) konsekvenser; opleve livets barske realiteter
ben i næsen,1,0,mindske ambitionerne eller kravene; sænke standarden,"(være) dygtig, viljestærk og god til at klare sig"
være karl for sin hat,0,3,optræde selvsikker og kompetent selvom man ikke er det,være selvsikker og kompetent
som en brækket arm,3,1,nøjagtig lige så smertefuldt som at få et knoglebrud i armen,elendigt; talentløst
koste spidsen af en jetjager,1,3,koste det samme som de yderst placerede dele på en jetjager,være urimelig dyr
tabe småkagerne,1,0,give efter for andres pres; lade sig overtale,miste forstanden eller besindelsen; gøre eller sige noget dumt
med omvendt fortegn,1,3,"med det modsatte fortegn, fx i matematisk opgave",karakteriseret ved at være diametralt modsat af noget på forhånd kendt eller netop omtalt
ikke være til at styre på en hel tønde land,3,1,ikke være til at kontrollere på et specifikt område,"være meget begejstret, engageret eller ustyrlig, fx i forbindelse med en leg eller en diskussion"
gennemgå med en tættekam,1,3,være på en hård prøve; være i centrum for nærgående opmærksomhed,gennemgå meget omhyggeligt
bo i en kuffert,1,3,bo på minimal plads og med minimalt forbrug af ressourcer,"rejse eller flytte meget tit, fx fordi éns arbejde kræver det; ikke have et fast sted at bo"
slag på tasken,1,3,den ydre fremtoning af skønhed og storhed forsvinder,"omtrentlig beregning af nogets størrelse, omfang eller antal"
logik for burhøns,1,3,selvforstærkende uheldig situation som man ikke umiddelbart kan komme ud af,noget der er yderst let at forstå
det er ikke studenterhuen der trykker,0,2,ikke have den mindste chance for noget,"bruges for at udtrykke den vurdering at den pågældende person ikke er særlig begavet, klog eller godt uddannet"
"når det regner på præsten, drypper det på degnen",0,2,ubehagelige situationer berører oftest flere mennesker på én gang,"en persons rigdom eller succes kommer også andre, mindre betydelige personer til gode"
komme ind med firetoget,1,3,så hurtigt eller kraftfuldt som muligt,"komme udefra, fx fra Provinsen til København, som ung og uerfaren og derfor lidt naiv"
"når skidt kommer til ære, ved det ikke hvordan det skal være",1,2,"når noget dårligt ændrer sig til det bedre, går det alligevel ofte galt til sidst","bruges hånligt og nedladende om en person der pludseligt eller nyligt har opnået høj social status, men som ikke formår at opføre sig på passende standsmæssig vis"
det glatte lag,0,3,den bedste eller mest oplagte løsning på et problem,sønderlemmende kritik; voldsomt verbalt angreb
gå i spagat over noget,1,2,vise sin begejstring for noget ved at gå i spagat,blive stærkt følelsesmæssigt påvirket af noget
penge lugter ikke,0,3,pengesedler og mønter har ingen lugt,"penge har deres værdi uanset hvorfra de stammer, eller hvordan de er tjent"
slå knuder på sig selv,0,1,man bør ikke overdrive eller gå til yderligheder,gøre sig store anstrengelser (for at opnå noget bestemt)
heldet følger de tossede,2,3,"held afhænger af tilfældigheder, ikke arbejdsomhed, status, forbindelser eller lignende","handlekraftige, (dum)dristige mennesker er ofte også heldige"
tanker er toldfri,0,2,der er ingen toldafgift på tanker,ingen bliver straffet for sine tanker
nogens mund er lukket med syv segl,1,0,nogens læber er syet sammen med syv sting,en person røber intet
guds ord fra landet,3,2,"alt er som det skal være, trods trusler og farer",uerfaren og naiv ung pige
have jord under neglene,1,2,"føre en tanke, idé eller aktivitet ud i sin yderste konsekvens",have praktisk erfaring med landbrugs- eller havearbejde; udføre fysisk krævende arbejde
vise nogen vintervejen,0,2,bruge alt for stærke midler i forhold til situationen; overdrive; overreagere,afvise nogen; vende nogen ryggen
krølle på halen,1,0,(generende) fejl i et strikket arbejde,overraskende eller finurlig (afsluttende) detalje i en historie eller lignende
levende lig,1,3,person der snart vil dø,person der har det meget dårligt fysisk og psykisk
sætte himmel og hav i bevægelse,1,3,"skjule, hemmeligholde eller fortie noget",foretage sig alt muligt for at nå et bestemt mål
bestemme hvor skabet skal stå,3,2,tage den endelige beslutning om hvor et skab skal placeres,være den der bestemmer og har det sidste ord
ikke nå nogen til sokkeholderne,1,3,ikke have succes med at gøre tilnærmelser til nogen,have meget ringe evner i forhold til en anden
med mand og mus,0,3,protestere (hvis det havde været muligt) mod forhold i nutiden som strider mod den pågældendes vilje eller holdninger,bruges for at udtrykke at ingen overlever et skibsforlis
et vink med en vognstang,0,1,blive udsat for eller udsætte nogen for problemer eller besværligheder,"et indirekte, men tydeligt tegn til nogen om at forholde sig på en bestemt måde eller om hvordan noget forholder sig; et tydeligt praj"
lyve så stærkt som en hest kan rende,1,3,"noget er (næsten) værdiløst, indholdsløst, ubrugeligt eller lignende",lyve groft; fortælle mange løgne
ikke være tabt bag en vogn,1,2,som ikke er umulig at løse eller gennemføre trods modstand,ikke være rådvild; være klog
æren er det fejreste træ i skoven,1,3,god opførsel er lige så smukt som et meget smukt træ,hæder og anerkendelse er vigtigst og går forud for andet
tage ordet ud af munden på nogen,1,2,miste forstanden eller besindelsen; gøre eller sige noget dumt,sige det som en anden ville have sagt
med åben mund og polypper,0,2,med ansigtet sådan at munden er åben og polypper i næsen kan skimtes,med et meget forbavset udtryk i ansigtet
den sne der faldt i fjor,1,0,den sne der faldt sidste år,"bruges om hvad der nu er forsvundet, glemt eller uden interesse"
puste i nakken,1,0,altid være i nogens bevidsthed,overvåge; kontrollere
trække noget ned over hovedet på nogen,1,3,"jo tidligere en hjælp ydes, desto mere effektiv er den",gennemføre noget mod nogens vilje eller uden at spørge den eller de implicerede; gennemtvinge noget
have en skrue løs,1,0,have en skrue der ikke er skruet tilstrækkeligt fast,være (lidt) skør eller forvirret; ikke være rigtig vel forvaret
gøre kort proces,1,2,nægte at adlyde; sige nej til et forslag eller påbud,"handle hurtigt og uden omsvøb, ofte sådan at det går ud over andre"
så er det bal forbi,0,3,"En større, festlig arrangement med dans er afsluttet",så er det slut (med at more sig)
ikke have noget liv,1,2,ikke have husdyr eller kæledyr på sin gård eller i sin bolig,aldrig mødes med andre mennesker i selskabeligt lag; være socialt udstødt
i en snæver vending,1,0,i en drejende bevægelse der er skarpvinklet,i en situation hvor man har lidt travlt og er i bekneb; når det skal gå lidt hurtigt og være lidt nemt
vende sig i sin grav,1,3,på et eller andet tidspunkt skal man gøre noget som man ikke har gjort før,protestere (hvis det havde været muligt) mod forhold i nutiden som strider mod den pågældendes vilje eller holdninger
sætte det lange ben foran,1,0,"den der kritiserer nogen eller gør nogen fortræd, rammes selv endnu hårdere",gå hurtigt; skynde sig
lade fem og syv være lige,0,3,have et talsystem hvor fem og syv repræsenterer samme værdi,udvise ligegyldighed eller skødesløshed
sætte en ny plade på grammofonen,3,2,afspille musik fra en ny plade på en grammofon,sige eller skrive noget andet end det man har sagt eller skrevet mange gange før
leve på en sten,1,3,være tilfreds med en beskæftigelse fordi den passer godt sammen med ens tanker og ønsker,leve meget nøjsomt
"livet er kort, kunsten er lang",3,2,kunst varer længere tid end en enkelt persons liv,man kan blive udødeliggjort gennem kunsten
med bred pensel,3,2,med brede penselstrøg,uden at gå i detaljer
hyppe sine egne kartofler,0,3,intet er overladt til tilfældighederne; der er ikke noget at diskutere,pleje sine egne interesser
smede mens jernet er varmt,1,3,beslutte noget ud fra en intuitiv fornemmelse,udføre en handling når muligheden for et vellykket resultat er til stede
ikke kende nogen landegrænser,1,0,ikke være klar over hvor en landegrænse går,"spredes eller bevæge sig frit inden for et større område, uafhængigt af grænser"
hellere lille og vågen end stor og doven,3,1,det er at foretrække at være lille og vågen fremfor stor og doven,det går udmærket an at være lille af vækst når man blot er kvik og energisk
langt mellem snapsene,1,0,man vinder en mands kærlighed ved at lave god mad til ham,få højdepunkter eller interessante begivenheder
ligne udskidt æblegrød,3,2,have samme konsistens og udseende som afføring ved dårlig mave,se meget træt og sløj ud
med hovedet under armen,1,3,med stor velvilje,uden at tænke sig om
ikke lutter lagkage,1,3,ikke blot lagkage (eller andre konditorkager),ikke kun let og behageligt og uden fortrædeligheder; ikke den rene idyl
frem og tilbage er lige langt,1,3,ruten ud og ruten hjem er den samme,bruges for at udtrykke ærgrelse over at der ikke er sket fremskridt trods mange anstrengelser
gå op i sømmene,1,0,gå unødigt meget op i (ubetydelige) detaljer,bryde psykisk sammen; gå amok
glat som en ål,1,2,lige så glat som overfladen på en ål,undvigende og svær at fastholde i en diskussion; upålidelig
mele sin egen kage,3,2,"den idé, den plan, det forslag eller lignende bliver ikke til noget",pleje sine egne interesser uden at tage hensyn til andre; kun tænke på sig selv
gå forkert i byen,1,0,"kede sig i samvær med andre, fx på en bytur",tage fejl
hellere ville brække en arm på langs end ..,1,3,være villig til at få et kompliceret knoglebrud i armen for at undgå en situation,bruges som udtryk for at nogen stiller sig totalt afvisende
køre sit eget løb,1,3,deltage i et væddeløb som man selv har arrangeret,være ligeglad med andre på en uansvarlig måde; ikke bidrage til fællesskabet
skide grønne grise,0,2,bruges for at udtrykke hvor svært det er for mennesket at give afkald på materielle goder til fordel for åndelige værdier,"være meget bange, nervøs eller lignende"
det skal du længere ud på landet med,1,2,denne genstand hører til i et område længere væk fra byen end her,"bruges for at udtrykke at man ikke tror på det samtalepartneren siger, fordi det er for usandsynligt eller løgnagtigt"
underskrive sin egen dødsdom,0,2,give køb på egne holdninger og principper i en større sags tjeneste,"handle således at konsekvenserne for éns eksistens, anseelse eller lignende bliver meget alvorlige"
have flossede kanter,1,2,"gøre en konflikt eller spændt situation værre, fx ved at komme med provokerende bemærkninger",have visse fejl og mangler som ikke tidligere var der
komme ud af fjerene,0,2,hellere begynde på noget ubehageligt eller vanskeligt straks og få det overstået end udskyde det,(med besvær) stå ud af sin seng om morgenen
få svesken på disken,0,3,uden virkning; forgæves,meddele noget åbent og uden omsvøb; få sandheden på bordet
tone rent flag,1,2,"spille den tone der kaldes ""rent flag""",åbent og ærligt give udtryk for sine holdninger eller hensigter i stedet for at lægge skjul på dem
drikke nogen under bordet,1,2,få nogen til at drikke så meget at de falder ned af deres stol og lander under bordet,drikke alkoholiske drikke (om kap) sammen med nogen så denne drikker for meget
smage som at række tungen ud ad vinduet,2,3,opleves grænseoverskridende og forkert,ikke smage af noget; være kedelig eller uinteressant i smagen
sælge sand i Sahara,1,2,"besejre, overvinde; forhindre i at gøre sig gældende","være meget dygtig til at sælge, især en vare som allerede findes til overflod og derfor ikke er efterspurgt"
ikke født i går,1,0,ikke født for én dag siden,ikke dum eller naiv; ikke uden evner
tage noget tungt,0,1,begynde på en stor og evt. besværlig opgave,ærgre sig over noget eller være ked af noget
nære en slange ved sin barm,1,3,"bruges for at udtrykke forbavselse over at nogen kan sige eller fortælle om noget så mærkeligt, vanvittigt, sladderagtigt eller lignende",være venlig over for eller lave aftaler med nogen som senere opfører sig fjendtligt over for én
jeg vil æde min hat på ..,1,2,være så sikker på noget at man lover at ville æde sin hat hvis det ikke passer,bruges for at forsikre tilhøreren om at ens formodning i en bestemt sag er rigtig
ikke vide hvor man skal ende og begynde,2,1,være i tvivl om hvordan man starter og derefter også afslutter noget,ikke vide hvordan man skal handle eller komme i gang med noget
i sit ansigts sved,2,1,med sved løbende ned ad ansigtet pga. voldsom varme eller anstrengelse,under store anstrengelser
de tusind søers land,1,3,et land præget af rigdom og overflod,Finland
slå nogen oven i hovedet med noget,1,3,"insistere på at nogen skal gøre noget bestemt, også selvom det er imod deres egne ønsker","argumentere (voldsomt) mod en andens mening, fx ved at fremhæve sin egen viden eller ved at fremføre indiskutable oplysninger"
sommerfuglestøv på vingerne,1,2,være nært forestående eller snart bryde løs uden at ret mange venter det,uskyldighed; uberørthed
være med på noderne,1,0,"kunne det man skal spille, udenad",følge med i hvad der sker i tiden; følge moden
som en åben bog,2,1,uden overraskelser,uden besvær
holde gryden i kog,0,2,opretholde en så høj temperatur på en væske i en gryde at væsken fortsat er i kog,gøre noget for at holde en interesse eller et engagement ved lige eller en aktivitet i gang
skyde over målet,2,0,ramme over et tiltænkt mål,ikke være rammende i sine udtalelser; overdrive
der er ikke nogen hjemme,3,2,en ellers beboet bolig er tom,nogen er ikke særlig smart eller intelligent; nogen er (lidt) dum
verdens tag,1,2,centralt sted for alle mennesker,"meget højtliggende bjergområde, især (land eller område i) Himalaya eller Pamir"
mosekonen brygger,2,1,noget ildevarslende er under opsejling; nogen smeder rænker,det er tåget
der kom en mand med en slæde i vejen,1,3,en mand med en slæde spærrer vejen for videre færd,der dukkede pludselige eller uforudsete forhindringer op
ved sine fulde fem,1,2,ifølge samtlige fem sanser,i stand til at tænke klart; tilregnelig
give den en skalle,1,2,forhindre noget i at lykkes; ødelægge noget,gøre en kraftig arbejdsindsats
kunne ligge på et meget lille sted,1,2,være tilstrækkelig lille til at befinde sig på et lille afgrænset område,have et meget begrænset omfang
bide skeer med,0,3,man kan tage det roligt; man behøver ikke at skynde sig så meget,have at gøre med; handle eller arbejde sammen med; konkurrere med
skære ind til benet,1,0,tale nedsættende og i vrede vendinger,reducere omkostningerne til noget mest muligt
sætte sin hat som man vil,1,3,udføre noget uden at tage imod råd og vejledning fra andre,opføre eller udfolde sig uden hensyntagen til gængse normer; gøre som man vil
en kærlig hånd,1,0,en hånd placeret på nogen som udtryk for omsorg eller kærlighed,"bruges i udtryk om at nogen yder eller bør yde en engageret indsats for at hjælpe nogen, for at reparere noget, eller lignende"
kende noget som sin egen bukselomme,1,2,være i stand til at gøre noget på egen hånd og uden instruktioner,kende noget særdeles godt
komme fra et hjem med klaver,1,0,være vokset op i et hjem hvor den ene eller begge forældre spillede klaver,komme fra et (velstillet) hjem med kulturelle interesser
stikke hovederne sammen,1,2,forsøge at blive enige igen efter en diskussion eller et skænderi,lægge planer i hemmelighed eller fortrolighed; hviske (bag nogens ryg); træffe aftaler
krumme et hår på nogens hoved,1,3,råbe nogen an fra en længere distance,gøre nogen fortræd; genere nogen
det tager en krig,0,1,noget er svært og ulykkeligt,det tager meget lang tid
ligne noget katten har slæbt ind,1,2,være blevet udsat for vold,se forfærdelig ud
være godt skåret for tungebåndet,1,2,med succes (og af medicinske grunde) have fået tungebåndet klippet,have gode talegaver; kunne tale godt for sig
vide hvad klokken er,1,0,være klar over hvad tid på døgnet det er,vide at noget alvorligt eller afgørende er sket; vide hvordan noget vil ende eller udvikle sig
"ikke alt der glimter, er guld",1,3,"blot fordi noget glimter, er det ikke ensbetydende med at det er fremstillet af guld","blot fordi noget ser ud til at være fint og værdifuldt, er det ikke ensbetydende med at det er det"
have en aktie i,1,3,"være involveret i en sag eller et foretagende, ofte uønsket eller uforskyldt",være aktiv deltager i; have indflydelse på
træde op på den store klinge,0,3,komme i håndgemæng eller slåskamp med,anstrenge sig; arbejde hårdt
apostlenes heste,1,3,bruges i udtryk for at arbejde hårdt,"benene, brugt til at gå på"
sejle på varmen,2,0,udnytte andres godgørenhed til egen vinding; drage fordel af noget på bekostning af andre,"sejle i de varme lande, i troperne"
være som snydt ud af næsen på nogen,1,0,"bruges om hvad der nu er forsvundet, glemt eller uden interesse","ligne en anden meget, især mht. udseende"
luften går af ballonen,1,3,et smukt udseende varer ikke evigt; skønhed er forgængelig,en begivenhed eller et fænomen bliver mindre spændende; nogen mister handlekraften eller interessen
en ulykke kommer sjældent alene,0,3,en ulykke sker for det meste samtidig med flere andre ulykker,"når noget går galt, kan man forvente at endnu mere går galt"
de bredeste skuldre skal bære de tungeste byrder,1,0,"man skal hjælpe hvor man kan, uanset hvad man har at bidrage med","de personer der tjener mest, bør betale mest til dækning af samfundets fælles udgifter"
en køn plante,1,0,"person som er smuk, omsorgsfuld, god eller lignende",en uopdragen eller på anden måde ubehagelig person
klappe hesten,1,0,køre hurtigere; sætte farten op,tage det roligt; slappe af; se tiden an
til at komme i papirmøllen,1,3,"klar til at blive makuleret, dvs. ødelagt",ubrugelig; kassabel
I må kalde mig Mads hvis ..,1,2,det ville undre mig meget hvis,bruges som forsikring om at noget er eller vil vise sig at være usandt
det pulveriserende liv,1,2,være i en meget vanskelig situation som påvirker én psykisk,"samfundslivet eller erhvervslivet med den hektiske, opslidende aktivitet som det er forbundet med"
klædt af til skindet,2,0,afklædt; nøgen,uden flere penge eller andre værdier tilbage
bryde isen,1,3,"begynde på en forestilling, koncert ellerlign.",nærme sig hinanden i ord eller handling; gøre stemningen uformel
hovmod står for fald,1,0,arrogant opførsel skal bekæmpes,"en person der er hovmodig, lider let nederlag, ofte pga. sit hovmod"
tage noget i stiv arm,1,3,acceptere såvel de ubehagelige som de behagelige sider ved en sag,bære modgang med styrke og sindsro
få en appelsin i turbanen,1,2,pludselig skulle have større ansvar for noget end man havde regnet med,pludselig og uventet opnå noget fordelagtigt; have heldet med sig
sagen er bøf,0,2,nogen bliver eller vil blive skældt voldsomt ud pga. en begået forseelse,sagen er i orden
læse noget som Fanden læser Bibelen,1,2,læse noget på samme måde som en ikketroende person læser en religiøs tekst,læse noget med dårlig forståelse; udlægge noget til egen fordel uden at der er belæg for det
den sorte klap går ned,1,2,bruges for at udtrykke at en person pludselig mister besindelsen; voldsomt raseri,bruges for at udtrykke at en person pludselig ikke kan huske noget bestemt
slå op i banen,0,2,ufortrødent og ihærdigt gå i gang med en (vanskelig) opgave,(pludselig) miste koncentrationen og evnen til at levere en god præstation; sætte farten ned og overlade initiativet til andre
tage benene på nakken,3,2,selvforskyldt komme i en fastlåst eller håbløs situation,løbe (hurtigt) væk; stikke af; flygte
rydde nogen af vejen,1,0,"skubbe nogen eller på anden vis forårsage at nogen kommer væk fra en bestemt vej, bane eller lignende",slå nogen ihjel
kunne høre græsset gro,3,1,med sin hørelse kunne registrere at græs og andre vækster gror,have en meget god hørelse
tung at danse med,1,0,underholdende at danse med; dygtig til at danse,"vanskelig at have med at gøre, fx at få til at gøre noget"
ligge lunt i svinget,1,3,være forelskede,være i en fordelagtig position
være på hælene,2,1,forholde sig afventende i forhold til en sag eller situation,have problemer; være meget træt og nedslidt
hænge nogen langt ud af halsen,1,2,være uappetitligt,være uudholdeligt fordi man er træt af det
"man ved hvad man har, men ikke hvad man får",3,0,man kender ikke fremtiden,man kan risikere at forandringer fører til en forværring i stedet for en forbedring
dér ligger hunden begravet,2,0,på dette sted holder en person sig skjult eller uden for offentlighedens søgelys,dér er det egentlige problem
sidde med livet i hænderne,2,3,være i livsfare; befinde sig i en livstruende situation,"være meget nervøs, spændt eller bange"
alt hvad remmer og tøj kan holde,1,2,ønske at nogen befandt sig meget langt væk så man slap for dét besvær,så hurtigt eller kraftfuldt som muligt
"se sol, måne og stjerner",2,1,"kunne se både Solen, Månen og et udvalg af stjerner på himlen",være i en tilstand af stor nydelse eller stor smerte
have foden under eget bord,3,2,afvise nogen; vende nogen ryggen,have sit eget hjem eller sin egen virksomhed
finde sine egne ben,1,3,blive dygtigere indenfor et specifikt (fagligt) emne,finde ud af hvad man mener om en bestemt sag
slag i ansigtet,3,0,ubehagelig overraskelse,krænkelse; nederlag
slå til søren,1,0,"samfundslivet eller erhvervslivet med den hektiske, opslidende aktivitet som det er forbundet med",bruge (mange) penge
den vej skal vi alle,2,1,bruges for at gøre opmærksom på at nogen har konstateret noget åbenlyst,vi skal alle dø
på éns glatte ansigt,0,3,baseret på udseende og ydre fremtoning; uden at tage højde for indre liv,med et tillidvækkende ydre som eneste garanti
gå op i limningen,1,2,blive ødelagt det sted hvor noget er limet sammen,bryde sammen fysisk eller psykisk; ophøre (med at eksistere)
save den gren over man selv sidder på,3,0,sidde på en gren man er i færd med at save over,handle til skade for sig selv; ødelægge sine muligheder for fortsat beskæftigelse
eneste høne i kurven,1,0,eneste høne til stede i en kurv,eneste kvinde i en gruppe eller forsamling
ikke ride den dag man sadler,1,3,det vedrører ikke den sag; det er ikke relevant i den sammenhæng,være længe om at skride til konkret handling; være længe om at træffe en beslutning
træerne vokser ikke ind i himlen,2,1,der er en grænse for hvor høje træer kan blive,en enkelt succes er ingen garanti for fortsat fremgang
have bly i benene,1,0,have en benprotese af metal,have svært ved at bevæge sig pga. træthed eller lignende
rive hovedet af nogen,0,1,adskille nogens hoved fra vedkommendes krop,give nogen en voldsom irettesættelse; skælde nogen ud
som skidt fra en spædekalv,0,3,som afføring fra en nyfødt kalv,hurtigt og i en stor mængde
ikke kunne se en hånd for sig,1,2,ikke være i stand til at se en hånd lige foran kroppen,"ikke kunne se noget pga. mørke, tåge, snevejr eller lignende"
tage brødet ud af munden på nogen,1,3,udvise mangel på respekt ved at overskride nogens grænser,forhindre nogen i at arbejde og tjene penge; gøre nogen arbejdsløs
løbe hornene af sig,1,2,energisk fortælle om alt det man er utilfreds med,"udfolde sig energisk, især kropsligt eller seksuelt, i en tidlig fase af et forløb for siden at falde til ro"
lægge alle sine æg i samme kurv,1,3,placere samtlige æg i én kurv,kun satse på én mulighed og dermed løbe en risiko
fare i blækhuset,1,2,klappe i; holde op med at tale,reagere vredt eller kritisk på noget ved at skrive et indlæg imod det (især i form af et læserbrev)
det hører man ikke når musikken spiller,1,0,(visse typer) støj kan overdøves af musik,det gør ikke så meget; det vil ingen lægge mærke til
som at se maling tørre,1,2,bruges for at betegne en meget lang ventetid,bruges især i sammenlignende konstruktioner for at betegne et fænomen eller en aktivitet som meget kedelig
en storm i et glas vand,0,1,bruges for at udtrykke at en god og lykkelig tilstand desværre kun var kortvarig,voldsomt røre pga. en bagatel
stege i sit eget fedt,1,3,en begivenhed eller et fænomen bliver mindre spændende; nogen mister handlekraften eller interessen,tage de ubehagelige følger af sine handlinger eller udtalelser
bukke begge ender sammen på,1,0,bøje en genstand så enderne mødes,give en omgang tæsk
ride sin kæphest,1,3,dyrke en hobby; beskæftige sig med noget som man finder særligt interessant,(igen) give udtryk for sin velkendte mening eller tale om et bestemt emne
gnide sig op ad nogen,2,3,ikke være så fornem som de andre; deltage i noget man ikke er egnet til,være påtrængende og indsmigrende
man kan også købe guld for dyrt,2,0,det er ikke besværet værd,"det at blive velhavende kan have for store menneskelige omkostninger, fx tabet af væsentlige åndelige værdier"
passe som fod i hose,1,3,være bedste venner,passe godt; gå meget nemt
tro som guld,0,2,"være usikker, uvidende, dårligt forberedt eller lignende",meget trofast
en gang til for prins Knud,1,0,endnu en gang til ære for en prins ved navn Knud,bruges når man gentager noget eller siger det ekstra tydeligt fordi samtalepartneren er lidt tungt opfattende
så god som dagen er lang,1,3,lige så god som længden på en dag,ualmindelig sød og rar
"de gode græd, og de onde lo",1,0,blive stærkt følelsesmæssigt påvirket af noget,bruges som ironisk kommentar i en situation hvor man beklager at de gode kræfter led nederlag
have både til gården og til gaden,2,1,have nok til alle; have rigelige mængder,have en stor bagdel og en stor barm
have en lille fjer på,1,0,"en persons rigdom eller succes kommer også andre, mindre betydelige personer til gode",være lidt beruset
veje sine ord på en guldvægt,1,3,"være sikker på at det man har skrevet, er korrekt",tænke nøje over hvordan man formulerer sig
have nogen nede i sækken,1,3,få ret i en meningsudveksling eller diskussion,være i klar vinderposition i en sportskamp idet man fuldstændig kontrollerer sin modstander
gå gennem ild og vand,0,1,gennemføre noget der i begyndelsen forekom at være umuligt,gøre alt hvad der står i ens magt
hælde ned ad brættet,1,3,"tippe et bræt så det der ligger på det, falder ned",afvise fuldstændig
give nogen horn i panden,1,0,forstyrre nogen selvom de har frabedt sig det,bedrage en mand ved at have et seksuelt forhold til hans kone
fuglen er fløjet,2,1,en bestemt sag er lukket eller afsluttet,"en bestemt (kriminel, eftersøgt) person er forsvundet"
jokke i spinaten,1,3,træde i en hunds ekskrementer,utilsigtet sige eller gøre noget dumt
ingen kæde er stærkere end det svageste led,1,3,hvis et led i en kæde er svagt er hele kæden svag,selv det bedste er utilstrækkeligt hvis blot en enkelt detalje er mangelfuld
ondt i håret,1,3,utilfreds med sit nyklippede hår eller en ny frisure,ondt i hovedet; tømmermænd
lade en dør stå på klem,2,0,ikke lukke en dør helt i,holde en mulighed åben
fyre kanonen af,3,1,affyre granater eller projektiler fra en kanon,skyde på mål i fodbold eller håndbold; ramme bolden hårdt i boldspil
det muntre køkken,1,3,et køkken hvor der hersker en glad stemning,"bruges om en ustyrlig, meget livlig og evt. ødelæggende aktivitet eller gruppe af personer"
springe over hvor gærdet er lavest,1,2,dér er det egentlige problem,anstrenge sig mindst muligt for at opnå noget; vælge den nemmeste løsning
nogens hjerte springer et slag over,1,3,nogens hjerte slår uregelmæssigt og springer slag over der ellers skulle have været der,"nogen bliver overrumplet af en stærk følelse, fx angst, glæde eller spænding"
over hals og hoved,1,2,bedre end man kunne have forestillet sig,hurtigt og uden tid til forberedelse
slå sig på flasken,0,2,vokse op i et hjem hvor den ene eller begge forældre indtager for meget alkohol,begynde at drikke meget alkohol (regelmæssigt); blive alkoholiker
"mens græsset gror, dør horsemor",3,1,noget må slutte før noget andet kan begynde,noget tager så lang tid at man ikke når det mål man har sat sig
fare i flæsket på,1,0,sikre tegn på en uundgåelig og som regel ugunstig eller farlig udvikling,komme i håndgemæng eller slåskamp med
smide over bord,1,0,"tale hårdt og direkte og med hvasse, kritiske bemærkninger",sætte ud af kraft; kassere
én på torsken,1,0,"man bør ikke tage et nederlag for tungt, lige så lidt som man bør hovere over en sejr",en lussing; et slag i hovedet
spil for galleriet,1,2,opføre sig på en måde så andre opfatter én som selvoptaget og arrogant,"teatralsk eller hyklerisk optræden, især for at behage nogen"
sidde klistret til skærmen,1,2,sidde med hænderne (eller en anden kropsdel) klistret fast til en skærm,være stærkt optaget af at se fjernsyn
kun en tåbe frygter ikke havet,1,2,dumme mennesker er ikke bange for havet,man skal være meget forsigtig når man har med havet at gøre
hvis og hvis min røv var spids,0,1,bruges til at udtrykke at man føler væmmelse ved nogen eller noget,bruges for at afvise samtalepartnerens forbehold og bekymrede forestillinger om fremtiden
vælte læsset,1,2,vælte et læs,forhindre noget i at lykkes; ødelægge noget
stille sig på bagbenene,1,3,kun have vægten på de to bagerste ben -- om et dyr med fire ben,være modvillig eller genstridig; (prøve at) forhindre noget
slag i bolledejen,1,2,"når man ikke vil lytte til andres råd, må man selv bære de ubehagelige konsekvenser","energisk, utraditionel og undertiden provokerende fremgangsmåde, handling eller lignende"
være en spurv i tranedans,1,3,være klodset og uelegant i sine handlinger,ikke være så fornem som de andre; deltage i noget man ikke er egnet til
lukke for det varme vand,1,0,sige sin mening rent ud,ikke ville yde mere af noget
vente på at stegte duer skal flyve ind i munden på én,1,2,utålmodigt vente på at nogen serverer mad for én,vente på eller regne med at livets goder kommer til én uden at man skal yde noget særligt for at opnå dem
gå ud af sit gode skind,0,3,tage alt tøj af så man til sidst er nøgen; afklæde sig alt tøj,"være psykisk ude af balance af vrede, sorg, nervøsitet, irritation, længsel eller lignende"
hu hej vilde dyr,1,0,fra en ubehagelig eller uønsket situation til én der er endnu værre,"bruges for at udtrykke at noget foregår med stor fart, eller at noget haster"
toppen af isbjerget,1,3,en synlig del af noget der ellers ikke kan ses,"en lille del af noget meget større, ofte noget ubehageligt"
kunne bide tungen af sig selv,1,2,kunne tvinge sig selv til at gøre noget ubehageligt,fortryde at have sagt en bestemt bemærkning
gå over åen efter vand,1,2,"vide hvordan et problem løses, eller hvordan noget gøres på den rigtige måde, fx hvordan samfundsgoder eller løn fordeles mest retfærdigt",gøre noget mere besværligt end man behøver; udføre unødvendigt arbejde
gå op i hat og briller,1,0,gå op i hvordan ens hat og briller ser ud,"udvikle sig i en utilsigtet, ofte løssluppen eller komisk retning"
smile i skægget,1,3,have det roligt og hyggeligt; føre sig godt tilpas,more sig på en underfundig eller skadefro måde
"den der graver en grav for andre, falder selv i den",0,2,før eller siden falder man ned i den grav man har gravet for en anden,"den person der lægger planer om at narre eller skade en anden, risikerer selv at blive offer for disse planer"
slå ind på en anden vej,0,3,følge en anden vej end tidligere,"ændre sin tilgang eller måde at agere på i forhold til et bestemt mål, typisk som reaktion på uventede omstændigheder eller for at opnå bedre resultater"
støbe kuglerne,2,3,fremstille ammunition til skydevåben,"være den der udtænker, planlægger og styrer udførelsen af en idé"
have krudt i røven,1,3,gå med pistol eller gevær; være bevæbnet,fare omkring; være meget foretagsom
"når katten er ude, spiller musene på bordet",1,2,"når der ikke umiddelbart er tegn på fare, kan man godt tillade sig at slappe af","undlader man at holde opsyn, fører det til kåd opførsel og uorden"
slå til skaglerne,1,3,skubbe til noget så det vælter,slå sig løs og more sig
vende og dreje hver femøre,1,3,med udstråling af humor og afslappet indstilling,være meget sparsommelig
til den store guldmedalje,0,3,i rigelige mængder; i overmål,"energisk, dygtigt eller med held"
stampe op af jorden,1,3,stampe med fødderne rundt om en genstand så den lidt efter lidt slipper jordunderlaget,"skaffe eller samle til et bestemt formål, ofte hurtigt eller på vanskelige betingelser"
svare i øst når der spørges i vest,1,0,vende sit ansigt væk fra den man taler med,svare på en måde der ikke giver mening i forhold til spørgsmålet
et greb i lommen,1,0,det at gribe ud efter noget i en lomme,en større eller mindre sum penge som nogen har let ved at betale
ikke syv vilde heste kan ..,1,3,færre end man skulle tro kan ..,absolut intet kan ..
