talemaade_udtryk,predicted_label,true_label,predicted_definition,true_definition,Discrepancy
tale med store bogstaver,2,3,tale nedskrevet med store bogstaver,udtale sin kritiske mening højt og bestemt; skælde ud,DISCREPANCY
puste til ilden,0,2,"puste til gløderne i et bål, en pejs eller lignende for at få dem til at flamme op","gøre en konflikt eller spændt situation værre, fx ved at komme med provokerende bemærkninger",DISCREPANCY
måtte sige farvel til noget,1,0,være nødsaget til at sige farvel til noget,"erkende at have lidt et (økonomisk) tab, mistet en mulighed eller lignende",DISCREPANCY
ikke have salt til et æg,0,1,ikke kunne lave velsmagende mad; være en dårlig kok,være fattig,DISCREPANCY
det er der ingen ben i,1,3,det er ikke økonomisk forsvarligt; det er ikke gangbart i virkeligheden,det er nemt at udføre eller forstå,DISCREPANCY
ramme muren,2,0,"støde ind i en mur, væg, ellerlign.",blive drænet for kræfter med en mærkbar nedgang i fysisk præstation til følge,DISCREPANCY
ikke have mange brikker at flytte rundt med,0,2,have en stram økonomi,ikke være særlig begavet,DISCREPANCY
vride halsen om på nogen,1,3,tvinge en beslutning igennem på trods af andres indsigelser,få nogen til at makke ret ved at presse eller true,DISCREPANCY
male byen rød,2,0,male (dele af) væggene i en by røde,drikke og more sig uden for sit eget hjem,DISCREPANCY
stryge med hårene,2,3,"ae nogen, fx et barn, på hovedet i den retning håret vokser",prøve at behage; optræde føjeligt og eftergivende,DISCREPANCY
løbe om hjørner med,2,1,løbe på en rute med adskillige skarpe sving sammen med,narre; snyde,DISCREPANCY
under én hat,1,3,bruges som udtryk for at flere personer har samme holdning eller overbevisning,"på samme sted, under samme organisation eller under samme institution",DISCREPANCY
ikke være mange sure sild værd,3,1,bruges for at udtrykke at indsatsen ikke er udbyttet værd,være udmattet eller nedtrykt,DISCREPANCY
de bonede gulve,1,2,gulve som er behandlet med bonevoks eller lignende,"de finere kredse, etablissementet; inderkredsen (i en politisk magtstruktur)",DISCREPANCY
få beskidte hænder,3,0,foretage sig noget der forårsager at ens hænder bliver snavsede,udføre manuelt arbejde; arbejde hårdt eller flittigt,DISCREPANCY
give en god dag i noget,2,0,afsætte en dag til noget,være ligeglad med noget; ikke bekymre sig om noget,DISCREPANCY
være tynd i papirerne,0,2,være uden interessant og vigtigt indhold - om tekst,"være usikker, uvidende, dårligt forberedt eller lignende",DISCREPANCY
mester for noget,0,3,"person der (uden at ville det) er skyld i en negativ udvikling, hændelse eller lignende","person der har skabt, designet eller udtænkt et kunstnerisk værk eller noget andet der gør indtryk",DISCREPANCY
langt hen ad vejen,0,3,som har et langt forløb langs en vej,for størstedelens vedkommende; næsten helt,DISCREPANCY
holde på hat og briller,1,3,holde fast på sin hat og sine briller,passe på fordi noget (voldsomt) begynder eller finder sted,DISCREPANCY
ligne hinanden som to dråber vand,0,3,være ens på overfladen men ikke nødvendigvis i det indre,ligne hinanden fuldstændig,DISCREPANCY
lavthængende frugter,3,2,"frugter der befinder sig på træets nederste grene, og som derfor er nemme at plukke fra jorden","mål eller resultater der er lette og hurtige at nå, og som ikke kræver den store indsats",DISCREPANCY
der gror mos på nogen el. noget,1,0,et lag af mos gror frem på nogen eller noget,nogen/noget ældes (og glemmes) med tiden,DISCREPANCY
lakrids mellem tæerne,1,3,snavs på steder hvor der sjældent bliver gjort rent,snavs mellem tæerne; snavsede fødder,DISCREPANCY
få skovlen under,0,1,komme i gang med et foretagende,besejre eller få overtaget over,DISCREPANCY
en dans på roser,2,0,"en vanskelig aktivitet, opgave eller lignende","en let og sorgløs tilværelse, aktivitet, opgave eller lignende",DISCREPANCY
ikke være helt fin i kanten,3,1,have en eller flere fejl eller mangler der bryder en ellers perfekt kant,ikke være (helt) acceptabel moralsk set; ikke være (helt) til at stole på,DISCREPANCY
smage af fugl,1,0,minde om smagen af fugl,"ikke være helt identisk med noget bestemt (attraktivt), men dog ligne det lidt; være bedre end ingenting",DISCREPANCY
de forhåndenværende søms princip,0,1,en god begyndelse på noget forøger muligheden for en vellykket fortsættelse og afslutning,fremgangsmåde hvor man nøjes med de begrænsede midler der umiddelbart er til rådighed,DISCREPANCY
skulle have skolepengene tilbage,2,1,være berettiget til erstatning af et undervisningsgebyr,være dum eller uvidende om et bestemt forhold,DISCREPANCY
gå hjem og vug,3,1,gå hjem i seng,"forsvind; gå hjem, for der er ikke brug for dig",DISCREPANCY
krydse nogens vej,1,3,overskride nogens grænser,mødes med nogen undervejs,DISCREPANCY
gå i brædderne,2,0,gå igennem et plankegulv,blive træt (og falde i søvn); miste energi,DISCREPANCY
det ene ord tager det andet,2,1,ord efterfølger ord i en talestrøm,bruges om en situation hvor påstande om nogen eller noget tiltager i grovhed,DISCREPANCY
nissen flytter med,1,0,"når man flytter, bliver en (jule)nisse taget med",selvskabte problemer forfølger én hvis man blot flygter fra dem i stedet for at finde deres egentlige årsag,DISCREPANCY
være ved sine sansers fulde brug,0,2,have kontrol med og udbytte af alle fem sanser,være i stand til at tænke klart; være tilregnelig,DISCREPANCY
have spidse albuer,0,2,person der har det meget dårligt fysisk og psykisk,hævde sig på andres bekostning,DISCREPANCY
for fulde gardiner,1,3,helt trukket for,for fuld kraft; uden hæmninger eller begrænsninger,DISCREPANCY
med arme og ben,2,3,hvor man gør brug af både sine arme og ben,af al magt; uhæmmet,DISCREPANCY
have alle trumfer på hånden,2,3,have de bedst mulige kort på hånden i et kortspil,have meget gode chancer; være i en meget fordelagtig situation,DISCREPANCY
med lodder og trisser,0,3,holdt på plads vha. lodder og trisser -- om fortøjning eller andet tovværk,"med (lidt held og) hvad man kan finde på af hjælpemidler; på bedst mulige, men ikke altid helt vellykkede måde; med kniberi",DISCREPANCY
man kan ikke klippe håret af en skaldet,0,2,det er umuligt at klippe en skaldet person,"man kan ikke tage noget, fx penge, fra én der ingenting har",DISCREPANCY
kigge for dybt i flasken,3,1,kigge dybere ned i en flaske end hvad der er sundt for øjet,indtage større mængder af alkoholiske drikke,DISCREPANCY
stå på gloende pæle,3,0,befinde sig på et underlag af brændende træ,"være i en tilstand præget af forvirring, ophidselse, travlhed eller hektisk aktivitet",DISCREPANCY
på sine grædende knæ,3,1,på alle fire mens man græder,med tilkendegivelse af al tænkelig ydmyghed; meget indtrængende,DISCREPANCY
køre med klatten,0,1,køre på en hensynsløs og uansvarlig måde,være suveræn til noget; brillere,DISCREPANCY
den åbne dørs politik,1,0,den tilgang at gæster altid er velkomne,internationalt politisk princip om at lade flere stater i et bestemt område have lige vilkår mht. handel og skibsfart,DISCREPANCY
i den kolde sne,3,2,i en (større) bunke sne,i en tilstand af udelukkelse og forladthed,DISCREPANCY
en streg i luften,2,1,"en uventet og uønsket hændelse, handling eller lignende",en meget tynd person,DISCREPANCY
rive nogen noget i næsen,1,3,under falske forudsætninger få nogen til at tro på at noget forholder sig på en bestemt måde,lade nogen høre for noget; kritisere nogen for noget,DISCREPANCY
"når solen går ned i en sæk, står den op i en bæk",2,1,bruges for at forsikre tilhøreren om at ens formodning i en bestemt sag er rigtig,"når solen går ned bag store, mørke skyer, kan man vente regnvejr den følgende dag",DISCREPANCY
tale samme sprog,3,0,beherske det samme sprog så man kan tale sammen uden tolk eller lign.,"have fælles opfattelse af en sag, hvilket gør det lettere at samarbejde og nå til enighed i sagen",DISCREPANCY
munden står ikke stille på nogen,1,3,nogens mund er altid i bevægelse,nogen snakker hele tiden,DISCREPANCY
gøre rent bord,1,2,rydde op så bordpladen er fri og ren,bringe orden i tingene så man kan begynde på en frisk,DISCREPANCY
gå ud som et lys,0,2,blive slukket eller afbrudt brat,pludselig miste bevidstheden,DISCREPANCY
tabe både næse og mund,0,2,"vise en ukendt, ofte ubehagelig eller problematisk, men sand side af noget eller nogen, evt. sig selv",blive meget forbavset eller benovet over noget,DISCREPANCY
tage pungen frem,0,2,fremdrage sin pengepung for at betale for bestemte varer eller en bestemt ydelse,(modvilligt) betale et stort beløb,DISCREPANCY
få enden på komedie,3,1,opleve slutningen af en komedie,få en endefuld; få prygl,DISCREPANCY
bide sig fast,3,1,holde fast i noget ved at bide sammen om det,blive en fast bestanddel af noget; fastholde en erobret position,DISCREPANCY
stå malet i ansigtet på nogen,2,3,være skrevet i panden eller kinderne på nogen,fremgå klart af nogens ansigtsudtryk,DISCREPANCY
vride bananen,3,2,"bruges for at angive at en reaktion kommer omgående, konsekvent og ubønhørligt",tisse,DISCREPANCY
helt ude i skoven,1,2,i et øde område langt fra byer; i den vilde natur,"uden fornuft, mening eller forbindelse med virkeligheden; helt gal",DISCREPANCY
klæder skaber folk,0,2,tøj er med til at forme en persons identitet,man vurderer folk (bl.a.) ud fra deres påklædning,DISCREPANCY
op ad bakke,2,1,i retning opad langs en stigning i landskabet,forbundet med modgang eller vanskeligheder der skal overvindes for at opnå et resultat,DISCREPANCY
Lars Tyndskids mark,2,0,en mark tilhørende en person ved navn Lars Tyndskid,sted langt ude på landet,DISCREPANCY
der må være en blonde,0,2,sørge for at fastholde nogens interesse eller indsats for noget,der er grænser for hvad man kan tillade sig,DISCREPANCY
have det hele i munden,0,2,have en hel skive brød (med pålæg) i munden,kun snakke om noget i stedet for at handle,DISCREPANCY
vække den slumrende løve,1,0,vække en sovende løve,fremkalde vrede hos en ellers fredsommelig person,DISCREPANCY
strø sand på,3,1,"kaste sand ud over et areal, fx et flisebelagt område",bringe en (ubehagelig) sag til afslutning eller ud af verden; undlade at gøre mere ved det,DISCREPANCY
nogens eget kød og blod,3,0,nogens egen krop,nogens (egen) blodsbeslægtede familie,DISCREPANCY
vende på en tallerken,0,1,benytte en tallerken til at vende noget omvendt -- om mad,vende rundt på meget begrænset plads; behøve meget lidt plads for at kunne manøvrere,DISCREPANCY
"hvor der er hjerterum, er der husrum",2,3,hvis der er gæstfrit er der også rart at bo,"gæstfrihed hører til almindelig venlighed; gode mennesker trives, selv hvor pladsen er trang",DISCREPANCY
målet helliger midlet,1,3,målet retfærdiggør metoden,et godt formål berettiger brugen af mindre fine midler,DISCREPANCY
der gror ikke mos på en rullesten,0,1,"hvis en sten er i bevægelse, vil der ikke vokse mos på den","personer der lever et aktivt og energisk liv, sygner ikke hen (mentalt)",DISCREPANCY
ind til benet,3,1,(helt) ind til knoglen,til det centrale eller væsentlige af noget,DISCREPANCY
ligeud ad landevejen,2,3,kørselsretning uden sving og andre afvigelser fra ligeudkørsel,uden omsvøb; ukompliceret og ligetil,DISCREPANCY
der går inflation i noget,0,3,priserne stiger på en specifik vare eller varetype,noget forringes eller mister prestige fordi det bliver lettere tilgængeligt eller mere udbredt,DISCREPANCY
have store tanker om,0,1,tænke meget på,"værdsætte, beundre eller have store forventninger til",DISCREPANCY
nye koste fejer bedst,2,0,en ny kost fejer bedre end en gammel og slidt kost,nyt er altid bedre end gammelt blot fordi det er nyt,DISCREPANCY
store ord og fedt flæsk,2,3,lange ord og fedtholdigt kød,tom snak eller tomme løfter,DISCREPANCY
lyse i kuld og køn,2,0,vække opsigt pga. sine smykker eller fine påklædning,anerkende officielt,DISCREPANCY
spille kong Gulerod,0,3,lave ballade; lave et stort postyr,"opføre sig på en indbildsk, overlegen eller arrogant måde",DISCREPANCY
"har man sagt A, må man også sige B",0,3,være så optaget af enkeltdele og detaljer at man ikke kan se helheden,"er man først begyndt på noget, bør man også fuldføre det",DISCREPANCY
ål i strømperne,3,0,arbejde med eller koncentrere sig om én ting på bekostning af alle andre,folder i strømper der er gledet ned ad benet,DISCREPANCY
ligge med næsen i vejret,2,3,bruge noget som lokkemad over for nogen; stille nogen noget i udsigt,være død og begravet,DISCREPANCY
man kan stille uret efter ham,2,3,han er meget enerådig; han tager ikke hensyn til andre menneskers tid,han er yderst præcis,DISCREPANCY
dagens mand i skysovs,3,1,"person som smøres ind i sovs, typisk som et festligt indslag ved et svendegilde eller lignende",person som (for en dag) hyldes som en helt pga. en særlig bedrift,DISCREPANCY
smage sin egen medicin,0,3,(i en diskussion) blive personlig og dermed rette angreb mod personen frem for at beskæftige sig med dennes argumenter,blive udsat for en ubehagelig behandling svarende til den man udsætter andre for,DISCREPANCY
rene ord for pengene,1,3,det bedste af sin art,udtalelse der ikke kan misforstås,DISCREPANCY
is i maven,2,3,"stort problem eller vanskeligt emne som alle kender til og er opmærksomme på, men som ingen vil tale om","ro, tålmodighed og nøgternt overblik i en presset situation, fx når der skal træffes en beslutning",DISCREPANCY
ikke lade solen gå ned over sin vrede,1,3,ikke kunne glemme eller tilgive noget ubehageligt som en anden person har gjort mod én,glemme eller tilgive noget man er blevet vred over,DISCREPANCY
ikke større end tobak for en skilling,2,0,på størrelse med den mængde tobak man kan købe for en lille sum penge,meget lille af vækst eller størrelse,DISCREPANCY
have kniven på struben,1,2,være tæt på at dø; befinde sig i en livstruende situation,"være presset til at gøre noget, fx under trusler eller med udsigt til et ubehageligt alternativ",DISCREPANCY
stå med håret ned ad nakken,0,3,stå med sit lange hår hængende løst,stå modløs og skuffet tilbage; være blevet svigtet eller narret,DISCREPANCY
uden for lands lov og ret,0,1,uden for et lands grænser og derfor ikke underlagt dets love,i et øde område fjernt fra større byer,DISCREPANCY
ligge og lure i vandskorpen,3,0,ligge på lur i vandoverfladen,være nært forestående eller snart bryde løs uden at ret mange venter det,DISCREPANCY
den ene tjeneste er den anden værd,1,2,en tjeneste har samme værdi som en anden tjeneste,"hvis man gør andre en tjeneste, kan man forvente at de gør gengæld en anden gang",DISCREPANCY
lige så godt springe som krybe i det,0,1,det er lige meget om man springer ned i et hul eller kravler ned i det,hellere begynde på noget ubehageligt eller vanskeligt straks og få det overstået end udskyde det,DISCREPANCY
ikke fugls føde,0,3,"vanskelig eller uigennemskuelig opgave, aktivitet ellerlign.",ingenting; intet som helst,DISCREPANCY
grave grøfter,0,1,grave lange render langs med veje,skabe splid og uenighed mellem to parter,DISCREPANCY
"ude af øje, ude af sind",2,3,hverken til at se eller vide,"det som ikke er synligt eller nærværende, bliver hurtigt glemt",DISCREPANCY
"ét spøg, et andet alvor",3,0,en vittighed og noget alvorligt,man bør holde det morsomme og det alvorlige ved en sag adskilt,DISCREPANCY
sætte skibe i søen,3,1,sætte flere skibe i vandet,"være eller gå i gang med flere ting, fx projekter",DISCREPANCY
få lange arme,2,3,udvide sit netværk eller sine muligheder for at tjene penge,blive træt i armene af at bære på noget tungt,DISCREPANCY
man skal høre meget før ørerne falder af,1,2,ørerne kan holde til meget støj; ørerne går ikke i stykker af at lytte (intenst),"bruges for at udtrykke forbavselse over at nogen kan sige eller fortælle om noget så mærkeligt, vanvittigt, sladderagtigt eller lignende",DISCREPANCY
tomme tønder buldrer mest,0,1,tomme tønder larmer mere end fulde tønder,"det er ofte de personer som ved mindst eller har mindst betydning, der råber mest op eller gør sig mest gældende",DISCREPANCY
med skindet på næsen,0,3,"som har undgået at blive solskoldet i ansigtet, fx ved at gå med hat eller smøre sig ind i solcreme","uden at komme galt af sted, tabe anseelse, miste sin position eller lignende; uden at miste alle sine penge eller gå fallit",DISCREPANCY
gå op i en spids,0,2,"gå meget op i detaljer; lægge stor vægt på detaljer og nuancer, fx i forbindelse med løsningen af et problem",udvikle sig i en retning hvor ingen løsning er mulig,DISCREPANCY
der er løbet meget vand gennem åen siden ..,3,0,meget vand er løbet gennem en å i en specifik tidsperiode,"noget der passer godt med nogens ønsker, hensigter eller meninger",DISCREPANCY
varme nogens ører,0,3,bevirke at en person føler sig pinligt berørt,slå nogen (på siden af hovedet),DISCREPANCY
få kærligheden at føle,1,3,"opleve kærlighed fra en forælder, en partner eller lignende",blive ramt af ubehagelige (selvforskyldte) konsekvenser; opleve livets barske realiteter,DISCREPANCY
være karl for sin hat,0,3,optræde selvsikker og kompetent selvom man ikke er det,være selvsikker og kompetent,DISCREPANCY
som en brækket arm,3,1,nøjagtig lige så smertefuldt som at få et knoglebrud i armen,elendigt; talentløst,DISCREPANCY
koste spidsen af en jetjager,1,3,koste det samme som de yderst placerede dele på en jetjager,være urimelig dyr,DISCREPANCY
med omvendt fortegn,1,3,"med det modsatte fortegn, fx i matematisk opgave",karakteriseret ved at være diametralt modsat af noget på forhånd kendt eller netop omtalt,DISCREPANCY
ikke være til at styre på en hel tønde land,3,1,ikke være til at kontrollere på et specifikt område,"være meget begejstret, engageret eller ustyrlig, fx i forbindelse med en leg eller en diskussion",DISCREPANCY
trække tænderne ud,2,1,pine sig selv eller andre,svække alvorligt; gøre uskadelig,DISCREPANCY
ved kasse ét,2,0,"ved en første, foreløbig bedømmelse","bruges for at angive at en reaktion kommer omgående, konsekvent og ubønhørligt",DISCREPANCY
slag på tasken,2,3,indholdsløs snak; samtale uden vigtigt indhold,"omtrentlig beregning af nogets størrelse, omfang eller antal",DISCREPANCY
logik for burhøns,0,3,noget der ikke kan misforstås,noget der er yderst let at forstå,DISCREPANCY
hånd i hanke med,2,1,bruges for at udtrykke at nogen holder godt fast i noget; fast greb om,kontrol med; styr på,DISCREPANCY
det er ikke studenterhuen der trykker,0,2,ikke have den mindste chance for noget,"bruges for at udtrykke den vurdering at den pågældende person ikke er særlig begavet, klog eller godt uddannet",DISCREPANCY
"når det regner på præsten, drypper det på degnen",0,2,ubehagelige situationer berører oftest flere mennesker på én gang,"en persons rigdom eller succes kommer også andre, mindre betydelige personer til gode",DISCREPANCY
"når skidt kommer til ære, ved det ikke hvordan det skal være",3,2,man skal ikke pynte noget dårligt og forsøge at få det til at fremstå som noget godt,"bruges hånligt og nedladende om en person der pludseligt eller nyligt har opnået høj social status, men som ikke formår at opføre sig på passende standsmæssig vis",DISCREPANCY
i mørke er alle katte grå,3,1,"i mørke fremstår katte grå, uanset hvilken farve de måtte have","den der ikke er synlig eller ikke skiller sig ud fra mængden, forbliver anonym",DISCREPANCY
være sulten som en ulv,1,3,være lige så sulten som en ulv,være meget sulten,DISCREPANCY
toppen af kransekagen,2,3,den øverste del af en kransekage (med pynt),det bedste eller de dygtigste inden for et bestemt område,DISCREPANCY
det glatte lag,0,3,den bedste eller mest oplagte løsning på et problem,sønderlemmende kritik; voldsomt verbalt angreb,DISCREPANCY
penge lugter ikke,0,3,pengesedler og mønter har ingen lugt,"penge har deres værdi uanset hvorfra de stammer, eller hvordan de er tjent",DISCREPANCY
få noget med på vejen,3,0,få noget med når man tager afsted,få noget fortalt af andre som man evt. kan bruge fremover,DISCREPANCY
den hellige grav er vel forvaret,2,1,en hellig grav overvåges og er i god stand,"alt er som det skal være, trods trusler og farer",DISCREPANCY
heldet følger de tossede,2,3,"held afhænger af tilfældigheder, ikke arbejdsomhed, status, forbindelser eller lignende","handlekraftige, (dum)dristige mennesker er ofte også heldige",DISCREPANCY
tanker er toldfri,0,2,der er ingen toldafgift på tanker,ingen bliver straffet for sine tanker,DISCREPANCY
guds ord fra landet,3,2,"alt er som det skal være, trods trusler og farer",uerfaren og naiv ung pige,DISCREPANCY
have jord under neglene,3,2,have jord eller andet skidt under neglene,have praktisk erfaring med landbrugs- eller havearbejde; udføre fysisk krævende arbejde,DISCREPANCY
vise nogen vintervejen,0,2,bruge alt for stærke midler i forhold til situationen; overdrive; overreagere,afvise nogen; vende nogen ryggen,DISCREPANCY
levende lig,1,3,person der snart vil dø,person der har det meget dårligt fysisk og psykisk,DISCREPANCY
sætte himmel og hav i bevægelse,2,3,agere så både himmel og hav begynder at bevæge sig,foretage sig alt muligt for at nå et bestemt mål,DISCREPANCY
have rundsave på albuerne,0,1,"gøre noget der hjælper på kort sigt, men forværrer tingene på langt sigt",skubbe andre til side for at gavne sin egen karriere,DISCREPANCY
ikke nå nogen til sokkeholderne,1,3,ikke have succes med at gøre tilnærmelser til nogen,have meget ringe evner i forhold til en anden,DISCREPANCY
med mand og mus,1,3,med alle i en husstand; med alle der bor på gården,bruges for at udtrykke at ingen overlever et skibsforlis,DISCREPANCY
ikke kunne se ud over sin egen næsetip,3,1,være synshandicappet; være meget nærsynet,være egoistisk og snæversynet; kun tænke på sig selv,DISCREPANCY
have en kage i ovnen,2,1,forberede dessert til et måltid den efterfølgende dag,være gravid; vente barn,DISCREPANCY
lyve så stærkt som en hest kan rende,2,3,fortælle løgne i samme tempo som det hurtigste en hest kan løbe,lyve groft; fortælle mange løgne,DISCREPANCY
ikke være tabt bag en vogn,1,2,som ikke er umulig at løse eller gennemføre trods modstand,ikke være rådvild; være klog,DISCREPANCY
med åben mund og polypper,0,2,med ansigtet sådan at munden er åben og polypper i næsen kan skimtes,med et meget forbavset udtryk i ansigtet,DISCREPANCY
den sne der faldt i fjor,1,0,den sne der faldt sidste år,"bruges om hvad der nu er forsvundet, glemt eller uden interesse",DISCREPANCY
puste i nakken,1,0,altid være i nogens bevidsthed,overvåge; kontrollere,DISCREPANCY
trække noget ned over hovedet på nogen,2,3,trække noget (typisk af stof) ned over nogens hoved,gennemføre noget mod nogens vilje eller uden at spørge den eller de implicerede; gennemtvinge noget,DISCREPANCY
dreje 180 grader,2,3,dreje en halv omgang,ændre til det modsatte eller til noget helt andet,DISCREPANCY
høre en lille fugl synge om noget,0,1,høre en (lille) fugl kvidre på en måde så det minder om tale eller sang,høre et rygte om noget,DISCREPANCY
vende sig i sin grav,0,3,"lægge sig godt til rette -- om ræve, grævlinger eller lignende.",protestere (hvis det havde været muligt) mod forhold i nutiden som strider mod den pågældendes vilje eller holdninger,DISCREPANCY
sætte det lange ben foran,2,0,placere sit længste ben forrest,gå hurtigt; skynde sig,DISCREPANCY
ryge fredspibe,3,2,ryge pibe sammen som symbol på enighed,(forhandle med henblik på at) slutte fred eller indgå forlig,DISCREPANCY
lade fem og syv være lige,0,3,have et talsystem hvor fem og syv repræsenterer samme værdi,udvise ligegyldighed eller skødesløshed,DISCREPANCY
sætte en ny plade på grammofonen,3,2,afspille musik fra en ny plade på en grammofon,sige eller skrive noget andet end det man har sagt eller skrevet mange gange før,DISCREPANCY
leve på en sten,0,3,have sin bolig ovenpå en sten,leve meget nøjsomt,DISCREPANCY
"livet er kort, kunsten er lang",3,2,kunst varer længere tid end en enkelt persons liv,man kan blive udødeliggjort gennem kunsten,DISCREPANCY
med bred pensel,3,2,med brede penselstrøg,uden at gå i detaljer,DISCREPANCY
den blå luft,2,1,en blå luftart,det rene ingenting,DISCREPANCY
hyppe sine egne kartofler,2,3,dyrke grøntsager i sin have til eget brug; være selvforsynende,pleje sine egne interesser,DISCREPANCY
hellere lille og vågen end stor og doven,3,1,det er at foretrække at være lille og vågen fremfor stor og doven,det går udmærket an at være lille af vækst når man blot er kvik og energisk,DISCREPANCY
ligne udskidt æblegrød,3,2,have samme konsistens og udseende som afføring ved dårlig mave,se meget træt og sløj ud,DISCREPANCY
ikke lutter lagkage,1,3,ikke blot lagkage (eller andre konditorkager),ikke kun let og behageligt og uden fortrædeligheder; ikke den rene idyl,DISCREPANCY
føle sig hjemme,2,1,have samme fornemmelse som når man er hjemme,være tilfreds med en beskæftigelse fordi den passer godt sammen med ens tanker og ønsker,DISCREPANCY
frem og tilbage er lige langt,1,3,ruten ud og ruten hjem er den samme,bruges for at udtrykke ærgrelse over at der ikke er sket fremskridt trods mange anstrengelser,DISCREPANCY
gå op i sømmene,1,0,gå unødigt meget op i (ubetydelige) detaljer,bryde psykisk sammen; gå amok,DISCREPANCY
glat som en ål,1,2,lige så glat som overfladen på en ål,undvigende og svær at fastholde i en diskussion; upålidelig,DISCREPANCY
falde nogen for brystet,1,2,falde nogen om armene; kollapse lige foran nogen,virke oprørende eller stødende på nogen; vække nogens modvilje eller betænkelighed,DISCREPANCY
mele sin egen kage,0,2,(være i stand til at) planlægge og udføre en svær opgave uden betydelig hjælp fra andre,pleje sine egne interesser uden at tage hensyn til andre; kun tænke på sig selv,DISCREPANCY
gå forkert i byen,1,0,"kede sig i samvær med andre, fx på en bytur",tage fejl,DISCREPANCY
hellere ville brække en arm på langs end ..,1,3,være villig til at få et kompliceret knoglebrud i armen for at undgå en situation,bruges som udtryk for at nogen stiller sig totalt afvisende,DISCREPANCY
"operationen lykkedes, men patienten døde",3,1,"det kirurgiske indgreb forløb som ønsket, men patienten overlevede ikke på trods af indgrebet",bruges for at udtrykke at der er blevet brugt mange resurser på at opnå et resultat der ikke er tilfredsstillende eller decideret strider mod det ønskede,DISCREPANCY
det skal du længere ud på landet med,1,2,denne genstand hører til i et område længere væk fra byen end her,"bruges for at udtrykke at man ikke tror på det samtalepartneren siger, fordi det er for usandsynligt eller løgnagtigt",DISCREPANCY
underskrive sin egen dødsdom,0,2,give køb på egne holdninger og principper i en større sags tjeneste,"handle således at konsekvenserne for éns eksistens, anseelse eller lignende bliver meget alvorlige",DISCREPANCY
have et horn i siden på,2,1,foretage sig alt muligt for at nå et bestemt mål,være vred på; bære nag til,DISCREPANCY
få svesken på disken,0,3,uden virkning; forgæves,meddele noget åbent og uden omsvøb; få sandheden på bordet,DISCREPANCY
tone rent flag,1,2,"spille den tone der kaldes ""rent flag""",åbent og ærligt give udtryk for sine holdninger eller hensigter i stedet for at lægge skjul på dem,DISCREPANCY
smage som at række tungen ud ad vinduet,2,3,opleves grænseoverskridende og forkert,ikke smage af noget; være kedelig eller uinteressant i smagen,DISCREPANCY
riste over en sagte ild,3,1,fremstille eller udvikle over lang tid,udsætte for et langvarigt og ubehageligt pres,DISCREPANCY
tage noget tungt,0,1,begynde på en stor og evt. besværlig opgave,ærgre sig over noget eller være ked af noget,DISCREPANCY
løvens gab,2,3,en løves mund,meget farligt eller ubehageligt sted,DISCREPANCY
nære en slange ved sin barm,2,3,være ondsindet; have slette intentioner,være venlig over for eller lave aftaler med nogen som senere opfører sig fjendtligt over for én,DISCREPANCY
jeg vil æde min hat på ..,1,2,være så sikker på noget at man lover at ville æde sin hat hvis det ikke passer,bruges for at forsikre tilhøreren om at ens formodning i en bestemt sag er rigtig,DISCREPANCY
ikke vide hvor man skal ende og begynde,2,1,være i tvivl om hvordan man starter og derefter også afslutter noget,ikke vide hvordan man skal handle eller komme i gang med noget,DISCREPANCY
i sit ansigts sved,2,1,med sved løbende ned ad ansigtet pga. voldsom varme eller anstrengelse,under store anstrengelser,DISCREPANCY
en gave fra himlen,3,1,en gave der er dumpet ned fra himlen,"en uventet, men yderst kærkommen begivenhed eller hændelse",DISCREPANCY
løbe åbne døre ind,0,1,ankomme på en måde der sætter fokus på ens person,overbevise nogen om noget vedkommende allerede mener; fortsætte en aktivitet efter den ikke længere er relevant; kæmpe en kamp der allerede er vundet,DISCREPANCY
de tusind søers land,1,3,et land præget af rigdom og overflod,Finland,DISCREPANCY
slå nogen oven i hovedet med noget,2,3,slå nogen i hovedet med noget,"argumentere (voldsomt) mod en andens mening, fx ved at fremhæve sin egen viden eller ved at fremføre indiskutable oplysninger",DISCREPANCY
der falder brænde ned,3,1,En bunke eller anden samling af brænde vælter og falder til jorden,nogen bliver eller vil blive skældt voldsomt ud pga. en begået forseelse,DISCREPANCY
rasle med sablen,1,3,gestikulere truende ved at vifte med et stikvåben i retning af en fjende,true med anvendelse af (militære eller politiske) magtmidler,DISCREPANCY
som en åben bog,3,1,lige så nem at gå til som en bog der allerede er åben,uden besvær,DISCREPANCY
gå på krum arm,2,1,gøre sig umage og lykkes med sit forehavende,gå tæt omslyngede; være kærester,DISCREPANCY
skyde over målet,2,0,ramme over et tiltænkt mål,ikke være rammende i sine udtalelser; overdrive,DISCREPANCY
der er ikke nogen hjemme,3,2,en ellers beboet bolig er tom,nogen er ikke særlig smart eller intelligent; nogen er (lidt) dum,DISCREPANCY
mosekonen brygger,2,1,noget ildevarslende er under opsejling; nogen smeder rænker,det er tåget,DISCREPANCY
der kom en mand med en slæde i vejen,1,3,en mand med en slæde spærrer vejen for videre færd,der dukkede pludselige eller uforudsete forhindringer op,DISCREPANCY
ved sine fulde fem,1,2,ifølge samtlige fem sanser,i stand til at tænke klart; tilregnelig,DISCREPANCY
give den en skalle,3,2,ramme noget med toppen af hovedet,gøre en kraftig arbejdsindsats,DISCREPANCY
ikke give ved dørene,2,1,ikke give noget væk til nogen der kommer tilfældigt forbi ens dør,ikke være særlig gavmild; ikke lade nogen få noget for nemt,DISCREPANCY
kunne ligge på et meget lille sted,1,2,være tilstrækkelig lille til at befinde sig på et lille afgrænset område,have et meget begrænset omfang,DISCREPANCY
bide skeer med,0,3,man kan tage det roligt; man behøver ikke at skynde sig så meget,have at gøre med; handle eller arbejde sammen med; konkurrere med,DISCREPANCY
skære ind til benet,3,0,skille kød fra en knogle med en kniv,reducere omkostningerne til noget mest muligt,DISCREPANCY
en kærlig hånd,1,0,en hånd placeret på nogen som udtryk for omsorg eller kærlighed,"bruges i udtryk om at nogen yder eller bør yde en engageret indsats for at hjælpe nogen, for at reparere noget, eller lignende",DISCREPANCY
ikke kunne stikke en pind i en lort uden at ødelægge begge dele,3,1,ikke være i stand til at placere en pind i en hundelort uden både pind og hundelort går i stykker,være fummelfingret eller upraktisk anlagt,DISCREPANCY
stikke hovederne sammen,1,2,forsøge at blive enige igen efter en diskussion eller et skænderi,lægge planer i hemmelighed eller fortrolighed; hviske (bag nogens ryg); træffe aftaler,DISCREPANCY
ligne noget katten har slæbt ind,0,2,have et udseende tilsvarende noget en kat kunne bringe ind i et hus,se forfærdelig ud,DISCREPANCY
koge suppe på noget,0,1,lave en (sladder)historie ud af noget småt eller betydningsløst,vedblivende og trættende behandle et velkendt og udtømt emne,DISCREPANCY
vide hvad klokken er,1,0,være klar over hvad tid på døgnet det er,vide at noget alvorligt eller afgørende er sket; vide hvordan noget vil ende eller udvikle sig,DISCREPANCY
have ild i enden,0,1,tilbage til en oprindelig tilstand eller situation; tilbage til de (gode og enkle) egenskaber som noget oprindeligt havde,fare omkring; være meget foretagsom,DISCREPANCY
"ikke alt der glimter, er guld",1,3,"blot fordi noget glimter, er det ikke ensbetydende med at det er fremstillet af guld","blot fordi noget ser ud til at være fint og værdifuldt, er det ikke ensbetydende med at det er det",DISCREPANCY
give sorteper videre,3,2,give kortet sorteper til en anden spiller som i kortspillet af samme navn er dårligt at sidde med,lade nogle ubehagelige omstændigheder gå ud over andre; overlade ansvaret for en ubehagelig afgørelse til en anden,DISCREPANCY
have rent mel i posen,2,1,intet er så godt eller smukt at det er helt fri for fejl eller ulemper,ikke have noget at skjule; være uskyldig,DISCREPANCY
koge suppe på en pølsepind,0,1,(forsøge at) lave suppe ud af meget lidt,beskæftige sig med eller behandle et ubetydeligt eller overflødigt emne,DISCREPANCY
så slutter festen,2,1,nu er tidspunktet kommet hvor festen er forbi,på dette tidspunkt er det positive eller glædelige forbi,DISCREPANCY
stikke næsen i sky,0,1,rette næsen opad mod himlen,optræde overlegent,DISCREPANCY
have en aktie i,2,3,eje en andel af en virksomhed,være aktiv deltager i; have indflydelse på,DISCREPANCY
træde op på den store klinge,0,3,komme i håndgemæng eller slåskamp med,anstrenge sig; arbejde hårdt,DISCREPANCY
apostlenes heste,0,3,heste som apostlene red på,"benene, brugt til at gå på",DISCREPANCY
de bredeste skuldre skal bære de tungeste byrder,1,0,"man skal hjælpe hvor man kan, uanset hvad man har at bidrage med","de personer der tjener mest, bør betale mest til dækning af samfundets fælles udgifter",DISCREPANCY
en køn plante,1,0,"person som er smuk, omsorgsfuld, god eller lignende",en uopdragen eller på anden måde ubehagelig person,DISCREPANCY
"når man taler om solen, så skinner den",0,1,solen skinner altid når man taler om den,"bruges for at udtrykke glad overraskelse når nogen man netop har talt om, uventet indfinder sig",DISCREPANCY
til at komme i papirmøllen,1,3,"klar til at blive makuleret, dvs. ødelagt",ubrugelig; kassabel,DISCREPANCY
I må kalde mig Mads hvis ..,0,2,i særlige situationer må I kalde mig Mads,bruges som forsikring om at noget er eller vil vise sig at være usandt,DISCREPANCY
klædt af til skindet,2,0,afklædt; nøgen,uden flere penge eller andre værdier tilbage,DISCREPANCY
bryde isen,2,3,lave et hul i et isdække,nærme sig hinanden i ord eller handling; gøre stemningen uformel,DISCREPANCY
stærk tobak,0,1,tobak med et højt indhold af nikotin,"noget der er forargeligt, urimeligt, provokerende eller på anden måde gør stærkt indtryk",DISCREPANCY
hovmod står for fald,2,0,"når man er arrogant, kan man nemt falde","en person der er hovmodig, lider let nederlag, ofte pga. sit hovmod",DISCREPANCY
tage noget i stiv arm,1,3,acceptere såvel de ubehagelige som de behagelige sider ved en sag,bære modgang med styrke og sindsro,DISCREPANCY
have bly i røven,2,1,have bly indlagt i ballerne,være meget langsom,DISCREPANCY
læse noget som Fanden læser Bibelen,1,2,læse noget på samme måde som en ikketroende person læser en religiøs tekst,læse noget med dårlig forståelse; udlægge noget til egen fordel uden at der er belæg for det,DISCREPANCY
skumme fløden,2,1,spise en ekstra portion af noget,"tage fordelene eller det bedste ved noget, ofte på andres bekostning og uden at gøre sig fortjent til det",DISCREPANCY
den sorte klap går ned,3,2,situation hvor en sort klap bevæger sig i nedadgående retning,bruges for at udtrykke at en person pludselig ikke kan huske noget bestemt,DISCREPANCY
slå op i banen,0,2,ufortrødent og ihærdigt gå i gang med en (vanskelig) opgave,(pludselig) miste koncentrationen og evnen til at levere en god præstation; sætte farten ned og overlade initiativet til andre,DISCREPANCY
tage benene på nakken,3,2,selvforskyldt komme i en fastlåst eller håbløs situation,løbe (hurtigt) væk; stikke af; flygte,DISCREPANCY
rydde nogen af vejen,1,0,"skubbe nogen eller på anden vis forårsage at nogen kommer væk fra en bestemt vej, bane eller lignende",slå nogen ihjel,DISCREPANCY
kunne høre græsset gro,3,1,med sin hørelse kunne registrere at græs og andre vækster gror,have en meget god hørelse,DISCREPANCY
vandene skilles,2,0,nogen går fra hinanden; nogen bliver skilt,meningerne bliver forskellige (pga. noget); der opstår uenighed (pga. noget),DISCREPANCY
gå uden om noget som katten om den varme grød,0,1,gå uden om noget på samme måde som en kat der går udenom en skål med varm grød,forholde sig tøvende til en bestemt sag med en blandet følelse af interesse og ubehag,DISCREPANCY
føre til torvs,3,1,fragte en vare til det torv hvor den skal sælges,gøre bekendt i en større kreds; offentliggøre,DISCREPANCY
være på hælene,2,1,forholde sig afventende i forhold til en sag eller situation,have problemer; være meget træt og nedslidt,DISCREPANCY
hænge nogen langt ud af halsen,1,2,være uappetitligt,være uudholdeligt fordi man er træt af det,DISCREPANCY
"man ved hvad man har, men ikke hvad man får",3,0,man kender ikke fremtiden,man kan risikere at forandringer fører til en forværring i stedet for en forbedring,DISCREPANCY
dér ligger hunden begravet,2,0,på dette sted holder en person sig skjult eller uden for offentlighedens søgelys,dér er det egentlige problem,DISCREPANCY
sidde med livet i hænderne,2,3,være i livsfare; befinde sig i en livstruende situation,"være meget nervøs, spændt eller bange",DISCREPANCY
alt hvad remmer og tøj kan holde,3,2,så hurtigt eller kraftfuldt som man kan gøre det uden at beskadige sit tøj,så hurtigt eller kraftfuldt som muligt,DISCREPANCY
"se sol, måne og stjerner",2,1,"kunne se både Solen, Månen og et udvalg af stjerner på himlen",være i en tilstand af stor nydelse eller stor smerte,DISCREPANCY
have foden under eget bord,0,2,have styr på sin økonomi,have sit eget hjem eller sin egen virksomhed,DISCREPANCY
finde sine egne ben,0,3,gøre noget mere besværligt end man behøver; udføre unødvendigt arbejde,finde ud af hvad man mener om en bestemt sag,DISCREPANCY
slag i ansigtet,2,0,et slag i nogens ansigt,krænkelse; nederlag,DISCREPANCY
slå til søren,2,0,deltage i et slagsmål mellem to eller flere personer,bruge (mange) penge,DISCREPANCY
spænde livremmen ind,2,1,stramme sit bælte,spare; indskrænke forbruget,DISCREPANCY
den vej skal vi alle,2,1,bruges for at gøre opmærksom på at nogen har konstateret noget åbenlyst,vi skal alle dø,DISCREPANCY
på éns glatte ansigt,0,3,baseret på udseende og ydre fremtoning; uden at tage højde for indre liv,med et tillidvækkende ydre som eneste garanti,DISCREPANCY
gå op i limningen,1,2,blive ødelagt det sted hvor noget er limet sammen,bryde sammen fysisk eller psykisk; ophøre (med at eksistere),DISCREPANCY
plejer er død,2,1,"have udset sig nogen eller noget til et bestemt formål, en bestemt opgave eller lignende",man behøver ikke nødvendigvis gøre som man plejer; denne gang gør vi det på en anden måde,DISCREPANCY
save den gren over man selv sidder på,3,0,sidde på en gren man er i færd med at save over,handle til skade for sig selv; ødelægge sine muligheder for fortsat beskæftigelse,DISCREPANCY
slikke frimærker,0,1,slikke på bagsiden af frimærker,"udføre underordnet, ensformigt kontorarbejde",DISCREPANCY
træerne vokser ikke ind i himlen,2,1,der er en grænse for hvor høje træer kan blive,en enkelt succes er ingen garanti for fortsat fremgang,DISCREPANCY
rive hovedet af nogen,0,1,adskille nogens hoved fra vedkommendes krop,give nogen en voldsom irettesættelse; skælde nogen ud,DISCREPANCY
som skidt fra en spædekalv,0,3,som afføring fra en nyfødt kalv,hurtigt og i en stor mængde,DISCREPANCY
himmel og jord står i ét,3,1,bruges om en situation der er stærkt præget af uro og bekymring,det er et voldsomt uvejr med storm og regn eller sne,DISCREPANCY
tage brødet ud af munden på nogen,2,3,forhindre at nogen får nok mad,forhindre nogen i at arbejde og tjene penge; gøre nogen arbejdsløs,DISCREPANCY
om smagen kan der ikke diskuteres,2,1,smag opleves forskelligt fra menneske til menneske,det er nytteløst at forsøge at nå til enighed om noget der grundlæggende er et spørgsmål om hvad den enkelte foretrækker,DISCREPANCY
have nerverne uden på tøjet,0,1,"være energisk, opmærksom og opsat på at yde sit bedste",være synligt nervøs,DISCREPANCY
have bukserne på,3,1,være iført et bestemt par bukser,være den der bestemmer; være den dominerende part,DISCREPANCY
fare i blækhuset,0,2,(på en let og ubesværet måde) bringe noget frem eller præsentere det som noget nyt og overraskende i fx en debat eller en anden sammenhæng,reagere vredt eller kritisk på noget ved at skrive et indlæg imod det (især i form af et læserbrev),DISCREPANCY
sur røv,0,1,snavset bagdel,bruges om en meget uheldig eller ærgerlig situation,DISCREPANCY
det hører man ikke når musikken spiller,1,0,(visse typer) støj kan overdøves af musik,det gør ikke så meget; det vil ingen lægge mærke til,DISCREPANCY
som at se maling tørre,1,2,bruges for at betegne en meget lang ventetid,bruges især i sammenlignende konstruktioner for at betegne et fænomen eller en aktivitet som meget kedelig,DISCREPANCY
en storm i et glas vand,0,1,bruges for at udtrykke at en god og lykkelig tilstand desværre kun var kortvarig,voldsomt røre pga. en bagatel,DISCREPANCY
stege i sit eget fedt,0,3,"holde sig til sine egne; være del af en lille, lukket kreds af mennesker",tage de ubehagelige følger af sine handlinger eller udtalelser,DISCREPANCY
bukke begge ender sammen på,1,0,bøje en genstand så enderne mødes,give en omgang tæsk,DISCREPANCY
ride sin kæphest,1,3,dyrke en hobby; beskæftige sig med noget som man finder særligt interessant,(igen) give udtryk for sin velkendte mening eller tale om et bestemt emne,DISCREPANCY
man kan også købe guld for dyrt,2,0,det er ikke besværet værd,"det at blive velhavende kan have for store menneskelige omkostninger, fx tabet af væsentlige åndelige værdier",DISCREPANCY
tro som guld,1,2,meget sikker i sin overbevisning,meget trofast,DISCREPANCY
en gang til for prins Knud,1,0,endnu en gang til ære for en prins ved navn Knud,bruges når man gentager noget eller siger det ekstra tydeligt fordi samtalepartneren er lidt tungt opfattende,DISCREPANCY
så god som dagen er lang,1,3,lige så god som længden på en dag,ualmindelig sød og rar,DISCREPANCY
"de gode græd, og de onde lo",2,0,de gode mennesker græder og de onde mennesker ler,bruges som ironisk kommentar i en situation hvor man beklager at de gode kræfter led nederlag,DISCREPANCY
have både til gården og til gaden,2,1,have nok til alle; have rigelige mængder,have en stor bagdel og en stor barm,DISCREPANCY
have en lille fjer på,3,0,"have en lille fjer (på sit tøj, sin hat eller lignende)",være lidt beruset,DISCREPANCY
veje sine ord på en guldvægt,1,3,"være sikker på at det man har skrevet, er korrekt",tænke nøje over hvordan man formulerer sig,DISCREPANCY
have nogen nede i sækken,1,3,få ret i en meningsudveksling eller diskussion,være i klar vinderposition i en sportskamp idet man fuldstændig kontrollerer sin modstander,DISCREPANCY
gå gennem ild og vand,0,1,gennemføre noget der i begyndelsen forekom at være umuligt,gøre alt hvad der står i ens magt,DISCREPANCY
hælde ned ad brættet,1,3,"tippe et bræt så det der ligger på det, falder ned",afvise fuldstændig,DISCREPANCY
give nogen horn i panden,2,0,placere horn i panden på nogen,bedrage en mand ved at have et seksuelt forhold til hans kone,DISCREPANCY
fuglen er fløjet,2,1,en bestemt sag er lukket eller afsluttet,"en bestemt (kriminel, eftersøgt) person er forsvundet",DISCREPANCY
jokke i spinaten,1,3,træde i en hunds ekskrementer,utilsigtet sige eller gøre noget dumt,DISCREPANCY
oven i hatten,3,0,beskrive præcist og rammende; ramme et ømt punkt hos nogen,uden at man har ydet en indsats eller betalt for noget bestemt; som supplement til det man har fået,DISCREPANCY
ingen kæde er stærkere end det svageste led,1,3,hvis et led i en kæde er svagt er hele kæden svag,selv det bedste er utilstrækkeligt hvis blot en enkelt detalje er mangelfuld,DISCREPANCY
blive slap i knæene,2,1,miste styrke i musklerne omkring knæene,"blive svag og eftergivende; blive overvældet af en følelse af ømhed, forelskelse eller lignende",DISCREPANCY
lade en dør stå på klem,2,0,ikke lukke en dør helt i,holde en mulighed åben,DISCREPANCY
ikke kunne høre hvad man selv tænker,2,1,ikke kunne følge eller huske sine egne tanker,være omgivet af larm eller højrøstet snak så man ikke kan koncentrere sig,DISCREPANCY
uden for pædagogisk rækkevidde,2,1,så besværet at man ikke kan hjælpes med pædagogiske metoder,i en tilstand hvor ingen former for henvendelser eller sanktioner gør indtryk på én,DISCREPANCY
fyre kanonen af,3,1,affyre granater eller projektiler fra en kanon,skyde på mål i fodbold eller håndbold; ramme bolden hårdt i boldspil,DISCREPANCY
det muntre køkken,1,3,et køkken hvor der hersker en glad stemning,"bruges om en ustyrlig, meget livlig og evt. ødelæggende aktivitet eller gruppe af personer",DISCREPANCY
springe over hvor gærdet er lavest,0,2,(med fornuft og overvejelse) finde frem til den bedste løsning,anstrenge sig mindst muligt for at opnå noget; vælge den nemmeste løsning,DISCREPANCY
slå sig på flasken,0,2,vokse op i et hjem hvor den ene eller begge forældre indtager for meget alkohol,begynde at drikke meget alkohol (regelmæssigt); blive alkoholiker,DISCREPANCY
"mens græsset gror, dør horsemor",3,1,noget må slutte før noget andet kan begynde,noget tager så lang tid at man ikke når det mål man har sat sig,DISCREPANCY
det store dyr i åbenbaringen,3,2,en elefant i en religiøs betragtning,"noget som er nyt og anderledes, og som på kort tid har fået stor positiv eller negativ indflydelse inden for et bestemt (fagligt) område",DISCREPANCY
ramme på kornet,2,1,passe perfekt ind i en bestemt sammenhæng,beskrive præcist og rammende; ramme et ømt punkt hos nogen,DISCREPANCY
fare i flæsket på,2,0,begynde at spise med stor iver og appetit,komme i håndgemæng eller slåskamp med,DISCREPANCY
smide over bord,3,0,kaste noget ud fra et fartøj og ned i vandet,sætte ud af kraft; kassere,DISCREPANCY
en pind til nogens el. nogets ligkiste,2,3,en del af det træ der udgør den kiste man begraver nogen eller noget i,"en medvirkende årsag til en (uheldig, ulykkelig eller uønsket) afslutning på et forløb, en karriere eller lignende",DISCREPANCY
sidde klistret til skærmen,3,2,arbejde langvarigt og koncentreret ved en computer,være stærkt optaget af at se fjernsyn,DISCREPANCY
kun en tåbe frygter ikke havet,1,2,dumme mennesker er ikke bange for havet,man skal være meget forsigtig når man har med havet at gøre,DISCREPANCY
hvis og hvis min røv var spids,0,1,bruges til at udtrykke at man føler væmmelse ved nogen eller noget,bruges for at afvise samtalepartnerens forbehold og bekymrede forestillinger om fremtiden,DISCREPANCY
stille sig på bagbenene,1,3,kun have vægten på de to bagerste ben -- om et dyr med fire ben,være modvillig eller genstridig; (prøve at) forhindre noget,DISCREPANCY
være en spurv i tranedans,2,3,bruges for at udtrykke at en spurv har forvildet sig ind i en gruppe traner,ikke være så fornem som de andre; deltage i noget man ikke er egnet til,DISCREPANCY
hu hej vilde dyr,2,0,bruges som advarsel mod faretruende dyr,"bruges for at udtrykke at noget foregår med stor fart, eller at noget haster",DISCREPANCY
toppen af isbjerget,1,3,en synlig del af noget der ellers ikke kan ses,"en lille del af noget meget større, ofte noget ubehageligt",DISCREPANCY
kunne bide tungen af sig selv,3,2,både have skarpe tænder og så utilstrækkelig kontrol over sine bevægelser at det er muligt at bide tungen af sig selv,fortryde at have sagt en bestemt bemærkning,DISCREPANCY
gå over åen efter vand,3,2,krydse en å for at hente vand i den,gøre noget mere besværligt end man behøver; udføre unødvendigt arbejde,DISCREPANCY
smile i skægget,1,3,have det roligt og hyggeligt; føre sig godt tilpas,more sig på en underfundig eller skadefro måde,DISCREPANCY
"den der graver en grav for andre, falder selv i den",0,2,før eller siden falder man ned i den grav man har gravet for en anden,"den person der lægger planer om at narre eller skade en anden, risikerer selv at blive offer for disse planer",DISCREPANCY
støbe kuglerne,2,3,fremstille ammunition til skydevåben,"være den der udtænker, planlægger og styrer udførelsen af en idé",DISCREPANCY
have krudt i røven,1,3,gå med pistol eller gevær; være bevæbnet,fare omkring; være meget foretagsom,DISCREPANCY
slå til skaglerne,1,3,skubbe til noget så det vælter,slå sig løs og more sig,DISCREPANCY
håbet er lysegrønt,2,0,håb associeres med farven lysegrøn,det er menneskets natur at bevare optimismen og se det positive,DISCREPANCY
vende og dreje hver femøre,0,3,være meget nærig; overveje sit pengeforbrug meget nøje,være meget sparsommelig,DISCREPANCY
tale for sin syge moster,3,1,tale på en måde der er komplet uforståelig for andre; vrøvle,"snakke løs for at opnå noget bestemt, fremme sine egne interesser eller lignende",DISCREPANCY
til den store guldmedalje,1,3,en præstation der kvalificerer til en stor medalje af guld,"energisk, dygtigt eller med held",DISCREPANCY
stampe op af jorden,0,3,overhovedet ikke tro på hvad nogen siger,"skaffe eller samle til et bestemt formål, ofte hurtigt eller på vanskelige betingelser",DISCREPANCY
ikke syv vilde heste kan ..,1,3,færre end man skulle tro kan ..,absolut intet kan ..,DISCREPANCY
bære kappen på begge skuldre,2,1,vægte traditioner højt; være traditionel i holdninger og væremåde,"holde sig gode venner med begge parter i en strid; udvise en tvetydig, upålidelig holdning",DISCREPANCY
